#,Name,Team,G,PA,HR,R,RBI,SB,BB%,K%,ISO,BABIP,AVG,OBP,SLG,wOBA,wRC+,BsR,Off,Def,WAR
1,Ronald Acuna Jr.,ATL,150,695,38,135,100,56,11.40%,15.50%,0.259,0.333,0.318,0.405,0.577,0.414,162,5.6,58.6,-8.1,7.4
2,Juan Soto,SDP,150,666,35,107,103,11,19.50%,16.20%,0.257,0.295,0.283,0.426,0.54,0.41,165,-2.4,51.2,-9.6,6.4
3,Aaron Judge,NYY,150,679,46,114,107,8,15.40%,26.60%,0.292,0.31,0.27,0.386,0.562,0.396,157,-0.9,45.6,-6.3,6.2
4,Mookie Betts,LAD,150,695,33,113,88,15,11.80%,15.90%,0.233,0.292,0.279,0.372,0.512,0.378,141,1,36.1,-1,5.9
5,Yordan Alvarez,HOU,143,627,39,102,113,1,12.90%,19.80%,0.291,0.32,0.298,0.398,0.59,0.413,168,-1.7,49.6,-13.9,5.7
6,Fernando Tatis Jr.,SDP,150,680,37,109,102,27,9.50%,21.50%,0.245,0.307,0.277,0.349,0.522,0.37,138,2.2,34.4,-1.3,5.6
7,Julio Rodr�guez,SEA,150,677,33,101,94,31,7.60%,22.80%,0.23,0.325,0.282,0.345,0.511,0.362,136,2,31.4,1.2,5.5
8,Adley Rutschman,BAL,138,621,19,87,70,3,13.20%,15.70%,0.175,0.298,0.271,0.372,0.446,0.355,129,-0.5,21.4,4.9,5.5
9,Jos� Ram�rez,CLE,150,664,27,93,97,23,11.00%,12.40%,0.218,0.286,0.282,0.364,0.5,0.361,133,2,28.4,0.7,5.1
10,Wander Franco,TBR,130,585,19,86,74,24,8.60%,12.60%,0.194,0.301,0.287,0.351,0.481,0.355,132,0.5,22.9,8.6,5.1
11,Corey Seager,TEX,138,623,31,97,91,3,9.70%,16.20%,0.235,0.308,0.292,0.367,0.528,0.377,140,-1.5,28.2,1,5
12,Gunnar Henderson,BAL,138,620,26,89,75,11,10.20%,23.80%,0.215,0.308,0.26,0.34,0.474,0.349,125,0.6,19.5,8.9,4.9
13,Kyle Tucker,HOU,150,635,32,96,102,25,11.00%,15.00%,0.244,0.292,0.285,0.365,0.529,0.377,143,2,34.8,-8.2,4.8
14,Bobby Witt Jr.,KCR,150,677,30,101,93,42,6.30%,17.30%,0.223,0.297,0.278,0.328,0.5,0.351,120,2.9,19.2,5.2,4.7
15,Rafael Devers,BOS,150,672,35,103,103,5,9.50%,19.20%,0.247,0.307,0.284,0.359,0.531,0.374,134,-0.9,26.3,-2.4,4.7
16,Corbin Carroll,ARI,150,679,26,103,83,42,9.50%,20.30%,0.212,0.313,0.273,0.352,0.485,0.358,125,4.1,25.3,-1.8,4.7
17,Alex Bregman,HOU,150,671,24,97,86,3,12.60%,12.60%,0.19,0.275,0.267,0.367,0.457,0.358,130,-2.5,21.4,0.7,4.5
18,Freddie Freeman,LAD,150,678,26,106,91,13,11.30%,16.60%,0.206,0.333,0.302,0.389,0.508,0.381,143,-0.2,35.6,-13.8,4.5
19,William Contreras,MIL,138,612,23,83,77,4,10.00%,22.20%,0.191,0.321,0.272,0.35,0.463,0.35,120,-1.9,12.9,1.9,4.4
20,Matt Olson,ATL,150,653,40,103,112,1,13.40%,22.60%,0.274,0.293,0.268,0.371,0.542,0.384,141,-1.1,32.3,-10.7,4.4
21,Yandy D�az,TBR,146,672,21,100,72,4,12.30%,14.80%,0.173,0.323,0.294,0.388,0.468,0.372,143,-3,31.9,-11,4.4
22,Michael Harris II,ATL,149,597,23,82,85,22,5.80%,19.30%,0.201,0.327,0.29,0.337,0.491,0.353,120,1.5,16.4,6.4,4.3
23,Francisco Lindor,NYM,150,665,26,87,89,21,9.50%,19.50%,0.191,0.281,0.254,0.333,0.445,0.336,115,0.4,12.5,7.8,4.3
24,Marcus Semien,TEX,150,695,28,102,80,16,8.90%,16.40%,0.198,0.283,0.265,0.334,0.462,0.342,116,1.1,14.2,4.6,4.2
25,Mike Trout,LAA,146,658,37,100,95,3,11.60%,28.00%,0.252,0.313,0.258,0.354,0.51,0.366,133,-0.7,25.1,-5.2,4.2
26,Bo Bichette,TOR,149,671,25,93,89,12,5.70%,19.40%,0.188,0.331,0.291,0.334,0.479,0.348,123,-0.2,18.6,0.6,4.2
27,Brandon Nimmo,NYM,146,675,20,97,68,6,11.40%,20.20%,0.173,0.319,0.269,0.364,0.442,0.352,125,-1.5,19.8,-1.3,4.1
28,Vladimir Guerrero Jr.,TOR,150,663,36,96,107,7,10.50%,14.90%,0.242,0.288,0.285,0.366,0.527,0.377,144,-2.9,32.1,-13.4,4.1
29,Xander Bogaerts,SDP,149,668,20,90,78,12,9.10%,18.20%,0.162,0.315,0.276,0.348,0.437,0.341,119,0.1,15.9,2.5,4.1
30,Jose Altuve,HOU,147,682,26,104,78,16,10.00%,16.20%,0.19,0.295,0.273,0.353,0.464,0.353,126,-0.9,20.6,-3.8,4
31,Shohei Ohtani,,150,671,37,105,101,20,13.90%,24.70%,0.266,0.319,0.272,0.378,0.538,0.38,143,-0.2,34.6,-17.5,4
32,Will Smith,LAD,135,592,25,78,84,2,10.80%,17.30%,0.205,0.274,0.257,0.351,0.462,0.35,122,-2.2,14.1,4.6,4
33,Bryce Harper,PHI,146,642,29,94,96,13,14.10%,21.80%,0.234,0.328,0.283,0.389,0.517,0.383,142,-2.3,30.8,-12.9,4
34,Austin Riley,ATL,150,661,35,96,109,3,8.60%,24.20%,0.24,0.317,0.275,0.347,0.515,0.365,129,-1.3,22.2,-5,4
35,Ozzie Albies,ATL,150,667,28,99,94,13,7.10%,16.80%,0.211,0.296,0.276,0.333,0.487,0.349,118,1.3,15.9,0.7,3.9
36,Cal Raleigh,SEA,121,519,27,64,74,1,9.00%,26.80%,0.227,0.265,0.23,0.304,0.457,0.325,110,-1.5,5.1,8.5,3.9
37,Gleyber Torres,NYY,149,647,25,83,88,14,9.50%,17.40%,0.187,0.294,0.269,0.341,0.456,0.344,121,-1.1,15.4,1.5,3.9
38,Manny Machado,SDP,149,649,32,88,101,6,9.20%,19.30%,0.215,0.291,0.269,0.338,0.484,0.35,125,-1.4,18.5,-2.2,3.8
39,Royce Lewis,MIN,141,617,28,81,90,13,8.30%,22.10%,0.211,0.307,0.269,0.336,0.48,0.349,124,-0.7,17.4,-0.4,3.8
40,Ketel Marte,ARI,150,676,21,94,82,7,10.00%,17.20%,0.189,0.308,0.275,0.352,0.464,0.351,120,-1.2,15.4,-0.6,3.8
41,Trea Turner,PHI,150,676,22,94,82,25,6.80%,19.90%,0.176,0.321,0.278,0.331,0.454,0.337,110,3,11.7,3.1,3.8
42,Andr�s Gim�nez,CLE,150,651,19,82,76,27,6.10%,18.70%,0.162,0.303,0.265,0.328,0.427,0.326,109,1,8.1,5.9,3.6
43,Isaac Paredes,TBR,139,585,27,77,82,1,11.30%,17.20%,0.216,0.255,0.247,0.343,0.463,0.348,127,-1.7,17.2,-1.4,3.6
44,Carlos Correa,MIN,141,618,21,79,79,1,10.50%,21.00%,0.181,0.305,0.262,0.344,0.443,0.34,118,-2,11.2,3,3.5
45,J.P. Crawford,SEA,147,665,14,83,59,4,12.10%,17.30%,0.132,0.3,0.258,0.355,0.39,0.33,114,-0.9,10.4,1.9,3.5
46,Luis Robert Jr.,CHW,149,658,33,85,97,19,5.80%,25.30%,0.221,0.313,0.266,0.318,0.488,0.34,116,0.5,13.1,-1,3.4
47,Nolan Arenado,STL,150,648,28,83,98,4,7.60%,15.40%,0.203,0.272,0.263,0.323,0.465,0.335,112,-1.1,8.7,3.3,3.4
48,Nico Hoerner,CHC,149,666,12,85,66,31,7.20%,12.10%,0.122,0.306,0.28,0.342,0.402,0.325,104,1.8,5.2,4.3,3.2
49,Jonah Heim,TEX,124,502,18,57,62,3,8.10%,19.50%,0.172,0.274,0.245,0.309,0.417,0.314,96,-1.1,-3.5,9.5,3.2
50,Matt McLain,CIN,136,615,23,86,76,18,10.00%,25.90%,0.196,0.317,0.255,0.338,0.451,0.34,108,-0.7,5.5,5.5,3.2
51,Francisco Alvarez,NYM,111,436,23,56,62,2,9.80%,25.10%,0.226,0.258,0.231,0.315,0.457,0.331,111,-1,5.2,-0.5,3.2
52,Luis Arraez,MIA,143,653,9,84,61,6,7.70%,7.10%,0.115,0.329,0.316,0.372,0.432,0.347,117,-0.8,13.3,-3.7,3.2
53,Willy Adames,MIL,150,654,27,81,87,7,10.30%,25.90%,0.198,0.285,0.237,0.319,0.436,0.325,103,-0.1,2.2,6.8,3.1
54,Gabriel Moreno,ARI,121,517,12,59,61,7,8.00%,17.80%,0.139,0.33,0.284,0.347,0.423,0.336,110,-2,4.3,12.9,3.1
55,Oneil Cruz,PIT,139,638,27,91,74,22,9.60%,25.70%,0.208,0.305,0.251,0.329,0.46,0.338,111,0.3,8.7,0.7,3.1
56,Sean Murphy,ATL,97,399,16,52,54,1,10.20%,22.50%,0.202,0.287,0.248,0.341,0.451,0.343,114,-1,5.6,5.9,3.1
57,Pete Alonso,NYM,150,648,41,92,110,4,10.20%,21.80%,0.264,0.259,0.25,0.339,0.514,0.359,130,-2.7,21.5,-12.7,3.1
58,Paul Goldschmidt,STL,150,676,28,98,88,8,12.10%,22.90%,0.198,0.318,0.268,0.361,0.466,0.356,126,-0.7,21.1,-13.4,3.1
59,Lars Nootbaar,STL,123,540,19,72,67,9,13.30%,20.40%,0.18,0.297,0.257,0.359,0.437,0.346,120,-0.4,12.6,-0.6,3
60,Daulton Varsho,TOR,139,570,25,70,75,16,8.40%,23.20%,0.202,0.271,0.238,0.308,0.44,0.322,105,0.9,4.6,6.1,3
61,Christian Yelich,MIL,150,690,21,98,70,23,13.10%,23.00%,0.168,0.322,0.261,0.363,0.43,0.344,116,2.2,15.7,-9.2,3
62,CJ Abrams,WSN,146,644,18,83,66,37,5.20%,17.70%,0.16,0.294,0.26,0.311,0.42,0.315,96,2.7,-0.7,8.7,3
63,Alejandro Kirk,TOR,85,338,10,41,41,1,10.70%,11.20%,0.159,0.284,0.275,0.358,0.434,0.345,122,-2.3,6.5,4.5,3
64,George Springer,TOR,146,671,27,96,77,16,9.00%,19.10%,0.191,0.285,0.258,0.332,0.449,0.337,116,-0.1,12.8,-6.1,2.9
65,Riley Greene,DET,143,645,18,84,71,8,9.00%,25.10%,0.165,0.348,0.273,0.342,0.438,0.338,115,-0.4,11.2,-3.7,2.9
66,Steven Kwan,CLE,150,692,9,91,58,20,10.00%,10.70%,0.118,0.304,0.28,0.356,0.398,0.331,113,0.4,11.1,-5.6,2.9
67,Randy Arozarena,TBR,150,659,23,85,86,24,10.10%,25.00%,0.186,0.32,0.259,0.346,0.444,0.342,123,-0.8,17.3,-10.7,2.9
68,Dansby Swanson,CHC,150,641,21,76,77,10,8.60%,24.50%,0.168,0.304,0.25,0.319,0.418,0.32,100,0.9,1.3,5.7,2.9
69,Ha-Seong Kim,SDP,141,594,16,72,66,24,10.30%,19.40%,0.144,0.287,0.247,0.33,0.391,0.317,103,0.8,2.7,5.5,2.8
70,Anthony Volpe,NYY,143,583,21,68,67,22,9.10%,24.40%,0.182,0.272,0.228,0.306,0.41,0.311,99,0.8,-0.2,8.5,2.8
71,Ian Happ,CHC,149,655,22,80,81,11,12.10%,23.80%,0.178,0.303,0.248,0.345,0.427,0.336,111,-0.6,8.5,-3.1,2.8
72,Triston Casas,BOS,138,593,27,81,85,2,14.40%,22.80%,0.227,0.298,0.258,0.369,0.485,0.366,129,-2,18.3,-10.7,2.8
73,Bryan Reynolds,PIT,149,674,25,94,84,9,9.40%,21.60%,0.195,0.314,0.269,0.346,0.463,0.347,117,-0.8,13.1,-8.6,2.7
74,Jackson Holliday,BAL,126,489,9,55,49,7,12.10%,23.10%,0.128,0.326,0.255,0.35,0.383,0.323,108,-1.1,3.3,6.2,2.6
75,Bryson Stott,PHI,146,602,15,69,67,20,7.60%,17.30%,0.145,0.304,0.267,0.327,0.412,0.321,100,0.8,0.7,4.9,2.6
76,Matt Chapman,,144,599,23,71,74,4,11.00%,28.90%,0.19,0.295,0.23,0.322,0.42,0.323,103,-0.5,1.8,3.8,2.6
77,J.T. Realmuto,PHI,121,492,17,58,62,13,7.40%,24.10%,0.183,0.302,0.251,0.318,0.434,0.323,101,0.7,1.4,13,2.6
78,Jeremy Pe�a,HOU,149,601,18,72,73,13,6.00%,21.10%,0.158,0.31,0.263,0.316,0.421,0.318,102,-0.3,1.4,3.8,2.6
79,Ke'Bryan Hayes,PIT,141,622,16,74,74,17,7.60%,20.50%,0.162,0.315,0.266,0.325,0.428,0.325,102,-0.3,0.9,3.6,2.6
80,Yainer Diaz,HOU,114,464,23,59,69,2,4.60%,18.90%,0.215,0.292,0.272,0.311,0.487,0.339,117,-1.4,8,6.6,2.5
81,Jorge Polanco,MIN,143,629,22,77,78,7,10.40%,22.60%,0.173,0.296,0.25,0.332,0.422,0.328,110,-0.6,6.6,-2.6,2.5
82,Patrick Bailey,SFG,90,356,8,35,36,2,7.70%,26.10%,0.135,0.293,0.229,0.294,0.364,0.288,82,-0.7,-8.6,5.9,2.5
83,Jeff McNeil,NYM,143,625,12,76,68,6,6.60%,11.20%,0.129,0.31,0.288,0.348,0.418,0.334,114,-2,8.6,-4.8,2.5
84,Brandon Lowe,TBR,115,484,21,61,62,5,10.60%,26.10%,0.207,0.287,0.239,0.329,0.447,0.335,118,0.2,10.5,-1.9,2.5
85,Vinnie Pasquantino,KCR,136,589,24,78,84,2,11.10%,13.60%,0.206,0.284,0.276,0.361,0.482,0.361,127,-2.2,17,-12.5,2.4
86,Kyle Schwarber,PHI,150,688,42,106,90,6,15.30%,28.80%,0.262,0.257,0.224,0.349,0.485,0.357,124,-2.1,18.1,-17.5,2.4
87,Josh Jung,TEX,150,631,27,76,87,4,6.30%,28.50%,0.197,0.314,0.251,0.305,0.448,0.322,102,-2.3,-0.8,3.5,2.4
88,Cody Bellinger,,150,619,25,77,84,18,8.20%,20.90%,0.193,0.289,0.256,0.321,0.449,0.33,108,0.6,6.6,-3.7,2.4
89,Taylor Ward,LAA,139,609,22,78,79,6,10.00%,21.20%,0.185,0.305,0.263,0.346,0.448,0.344,118,-0.9,11.9,-9,2.3
90,Zack Gelof,OAK,138,622,21,76,67,20,8.60%,28.30%,0.172,0.306,0.237,0.308,0.409,0.31,101,0.3,0.9,1.3,2.3
91,Zach Neto,LAA,138,530,17,65,62,9,6.70%,22.40%,0.168,0.295,0.25,0.318,0.418,0.319,100,-0.5,-0.4,5.7,2.3
92,Jazz Chisholm Jr.,MIA,138,607,28,77,83,28,7.80%,28.10%,0.208,0.301,0.245,0.309,0.453,0.327,104,1,3.7,-1.3,2.3
93,Amed Rosario,,136,600,11,71,63,15,5.10%,17.70%,0.129,0.32,0.275,0.316,0.404,0.312,96,0,-3.1,5.6,2.3
94,Cedric Mullins,BAL,141,599,18,73,66,27,8.30%,20.40%,0.164,0.289,0.249,0.318,0.413,0.317,103,1.3,3.5,-1,2.3
95,Max Kepler,MIN,133,561,22,70,74,4,10.30%,19.80%,0.195,0.277,0.249,0.333,0.445,0.336,115,-1.2,9,-5.3,2.3
96,Nolan Gorman,STL,113,471,25,61,68,5,9.80%,28.70%,0.223,0.298,0.245,0.324,0.469,0.339,115,-0.7,8.1,-1.4,2.3
97,Tommy Edman,STL,134,536,12,68,58,27,6.90%,16.40%,0.142,0.299,0.264,0.321,0.407,0.316,99,2.8,2.2,2.1,2.3
98,Anthony Rendon,LAA,131,554,16,67,66,4,11.80%,18.00%,0.166,0.289,0.256,0.352,0.421,0.338,114,-1,8.1,-4.3,2.3
99,Christian Walker,ARI,150,646,29,83,96,6,9.80%,20.60%,0.212,0.283,0.255,0.335,0.467,0.343,115,-0.7,11.3,-10.9,2.2
100,Willson Contreras,STL,110,467,19,61,64,5,9.70%,22.90%,0.201,0.292,0.251,0.342,0.452,0.344,118,-1.7,8.8,4.8,2.2
101,Luis Rengifo,LAA,128,568,20,73,64,9,7.30%,17.70%,0.173,0.287,0.26,0.321,0.433,0.326,105,-0.1,3.1,0,2.2
102,Thairo Estrada,SFG,139,616,17,74,68,22,5.80%,19.70%,0.151,0.301,0.26,0.314,0.41,0.314,100,0.8,0.5,0.7,2.2
103,Max Muncy,LAD,131,562,27,75,80,2,14.60%,25.40%,0.221,0.26,0.227,0.348,0.448,0.344,118,-0.9,11.8,-8.8,2.2
104,TJ Friedl,CIN,134,610,19,85,65,22,9.20%,17.70%,0.174,0.284,0.255,0.335,0.429,0.331,102,1.2,2.7,-1.3,2.2
105,Alek Thomas,ARI,136,562,14,64,67,10,6.60%,19.20%,0.158,0.301,0.26,0.314,0.418,0.316,97,0.4,-2,4.7,2.2
106,Sal Frelick,MIL,134,590,11,67,65,13,9.80%,14.90%,0.131,0.297,0.265,0.342,0.395,0.324,102,-0.3,1.3,0.3,2.2
107,Adolis Garc�a,TEX,149,650,31,83,95,13,8.10%,28.60%,0.215,0.294,0.241,0.308,0.456,0.327,105,0.2,4.1,-4.5,2.2
108,Yo�n Moncada,CHW,146,627,17,69,72,3,9.10%,26.90%,0.152,0.326,0.251,0.325,0.403,0.317,100,-0.9,-1,1.3,2.2
109,Bo Naylor,CLE,91,367,14,43,43,5,13.10%,23.30%,0.186,0.269,0.229,0.337,0.416,0.328,111,-0.2,4.4,2.9,2.2
110,Gavin Lux,LAD,126,501,12,58,57,8,10.00%,19.70%,0.149,0.318,0.267,0.344,0.416,0.332,110,0,6.1,-1.6,2.1
111,James Outman,LAD,128,528,20,64,66,9,10.80%,31.50%,0.183,0.31,0.23,0.324,0.412,0.321,103,0.1,1.8,1.7,2.1
112,Seiya Suzuki,CHC,139,599,23,76,82,9,10.50%,22.90%,0.194,0.313,0.264,0.345,0.458,0.345,117,-1.9,10.9,-9.9,2.1
113,Jack Suwinski,PIT,122,518,24,65,71,9,12.60%,30.40%,0.214,0.287,0.226,0.331,0.441,0.333,107,-0.3,4.3,-0.6,2.1
114,Evan Carter,TEX,141,603,16,73,72,15,12.20%,25.40%,0.158,0.321,0.25,0.348,0.408,0.331,108,-1.4,4.4,-3.6,2.1
115,Alec Bohm,PHI,141,592,18,70,74,4,7.00%,17.70%,0.159,0.311,0.276,0.332,0.435,0.331,106,-1.7,3,-2.2,2.1
116,DJ LeMahieu,NYY,131,596,14,75,56,5,10.70%,18.90%,0.133,0.3,0.256,0.341,0.389,0.322,106,-2.2,2.1,-1.4,2.1
117,Trent Grisham,SDP,122,469,16,59,53,12,12.20%,26.50%,0.174,0.277,0.222,0.325,0.396,0.317,103,0.8,2.4,2.4,2.1
118,Anthony Santander,BAL,150,661,29,83,94,4,8.10%,22.10%,0.206,0.283,0.251,0.32,0.457,0.333,114,-1,10.3,-12.1,2.1
119,Josh Lowe,TBR,123,523,17,65,68,21,8.40%,27.50%,0.181,0.331,0.258,0.323,0.439,0.327,112,1,8.6,-5.8,2.1
120,Josh Naylor,CLE,134,578,23,74,86,8,7.70%,15.20%,0.196,0.301,0.283,0.343,0.479,0.348,125,-2,15.1,-14.1,2.1
121,Eugenio Su�rez,SEA,150,644,26,74,81,2,10.40%,30.70%,0.185,0.287,0.221,0.312,0.406,0.314,103,-3.1,-0.9,-0.5,2.1
122,Edouard Julien,MIN,120,550,16,74,51,6,14.60%,29.30%,0.16,0.329,0.239,0.356,0.398,0.334,114,-0.8,8.5,-6.7,2
123,Danny Jansen,TOR,108,453,22,57,66,1,8.80%,20.40%,0.215,0.249,0.234,0.314,0.45,0.327,109,-1.1,4,0.2,2
124,Geraldo Perdomo,ARI,123,491,7,53,45,13,11.90%,17.80%,0.114,0.284,0.24,0.338,0.355,0.31,92,0.5,-4.1,7.7,2
125,Rhys Hoskins,,147,656,30,91,85,4,11.10%,25.10%,0.22,0.283,0.242,0.332,0.461,0.342,116,-2.4,10.3,-12.4,2
126,Endy Rodr�guez,PIT,107,417,9,46,46,2,8.70%,19.00%,0.148,0.297,0.254,0.323,0.402,0.316,96,-0.7,-2.9,5.8,2
127,Nolan Jones,COL,139,605,23,78,80,16,11.60%,28.60%,0.2,0.348,0.264,0.354,0.464,0.352,106,-0.9,3.6,-4,2
128,Nathaniel Lowe,TEX,150,632,21,78,79,3,11.40%,23.00%,0.176,0.324,0.267,0.354,0.443,0.346,118,-3,10.8,-12.3,2
129,Byron Buxton,MIN,125,526,27,68,73,10,8.60%,29.70%,0.237,0.282,0.231,0.307,0.468,0.33,111,0.7,7.5,-5.6,2
130,Brendan Donovan,STL,120,541,12,74,53,7,10.60%,15.30%,0.136,0.314,0.278,0.368,0.414,0.343,118,-0.5,11.4,-10.1,2
131,Leody Taveras,TEX,136,528,15,62,62,15,7.40%,22.10%,0.158,0.31,0.258,0.316,0.416,0.317,98,0.5,-0.7,2.2,1.9
132,Eloy Jim�nez,CHW,141,598,29,75,88,1,7.60%,20.50%,0.21,0.305,0.276,0.333,0.486,0.349,122,-1.2,14.4,-15.5,1.9
133,Jake Burger,MIA,133,564,26,68,80,2,6.60%,27.00%,0.208,0.302,0.249,0.309,0.457,0.327,104,-1,1.8,-1.8,1.9
134,Jose Trevino,NYY,72,280,7,29,31,2,4.80%,17.70%,0.139,0.27,0.242,0.283,0.381,0.287,82,-1,-7,6.2,1.9
135,Ty France,SEA,146,609,17,70,70,1,6.70%,17.30%,0.153,0.303,0.269,0.341,0.422,0.333,116,-2.8,9,-10.9,1.9
136,Masataka Yoshida,BOS,138,594,18,76,81,5,9.00%,12.70%,0.169,0.309,0.291,0.361,0.459,0.353,120,-2.2,11.8,-13.2,1.9
137,Jake Cronenworth,SDP,141,588,14,67,65,5,9.30%,18.30%,0.155,0.287,0.249,0.331,0.404,0.32,105,0,3.7,-5.2,1.8
138,Parker Meadows,DET,131,599,15,74,55,14,9.20%,23.30%,0.155,0.286,0.234,0.31,0.389,0.305,92,0.4,-5.5,3.6,1.8
139,Jorge Soler,,144,644,34,90,90,2,11.00%,25.20%,0.235,0.277,0.243,0.333,0.478,0.346,119,-2.2,12.6,-16.2,1.8
140,Chas McCormick,HOU,125,501,18,60,62,13,9.70%,26.70%,0.171,0.305,0.244,0.325,0.414,0.323,106,-1,2.3,-1,1.8
141,Noelvi Marte,CIN,123,491,14,56,59,12,8.40%,20.50%,0.159,0.316,0.268,0.334,0.428,0.33,101,-0.6,0.2,1.2,1.8
142,Davis Schneider,TOR,94,386,14,46,45,4,13.00%,26.70%,0.188,0.29,0.231,0.339,0.419,0.332,113,-0.8,5.1,-0.1,1.8
143,Mike Yastrzemski,SFG,126,550,19,65,66,5,10.80%,26.10%,0.186,0.289,0.234,0.324,0.42,0.322,105,-0.6,2.7,-3.4,1.8
144,Jeimer Candelario,,144,607,19,71,74,5,8.90%,22.70%,0.175,0.295,0.247,0.323,0.423,0.323,103,-1.2,1.3,-3.9,1.8
145,Mitch Garver,,96,395,18,49,53,1,11.30%,25.30%,0.203,0.283,0.24,0.333,0.443,0.335,112,-1.1,4.5,0.7,1.8
146,J.D. Davis,SFG,122,505,15,55,57,2,10.30%,29.40%,0.16,0.329,0.245,0.332,0.405,0.323,105,-1.6,1.6,-1,1.8
147,Andrew Vaughn,CHW,147,650,26,82,81,1,7.10%,19.80%,0.191,0.293,0.262,0.324,0.453,0.334,112,-2.8,6.2,-10.8,1.8
148,Jordan Westburg,BAL,97,370,11,45,43,5,8.30%,23.60%,0.169,0.309,0.253,0.322,0.422,0.323,107,-0.3,2.8,2,1.7
149,Luis Campusano,SDP,107,425,15,49,55,1,7.00%,17.80%,0.171,0.29,0.264,0.322,0.435,0.327,109,-1.3,3.6,2,1.7
150,Alex Verdugo,BOS,136,578,14,69,66,5,7.80%,15.10%,0.154,0.309,0.278,0.338,0.432,0.333,106,-0.6,3.3,-5.7,1.7
151,Elly De La Cruz,CIN,130,519,20,66,67,28,8.20%,30.20%,0.195,0.322,0.245,0.31,0.44,0.321,95,0.8,-2.5,2,1.7
152,Maikel Garcia,KCR,134,534,7,62,50,21,8.40%,20.10%,0.112,0.33,0.268,0.333,0.38,0.313,94,-0.1,-3.9,2.8,1.7
153,Austin Hays,BAL,134,568,18,66,70,5,6.60%,22.40%,0.171,0.302,0.255,0.311,0.426,0.317,103,-1.2,1.1,-3.6,1.7
154,Trevor Story,BOS,146,611,20,72,74,22,8.30%,28.30%,0.172,0.299,0.233,0.304,0.405,0.306,87,1.4,-8,4,1.7
155,Christian Encarnacion-Strand,CIN,131,561,28,73,88,3,7.00%,25.60%,0.22,0.321,0.271,0.329,0.491,0.349,114,-1.5,8.1,-10.5,1.7
156,Spencer Torkelson,DET,146,634,29,80,87,3,10.90%,23.10%,0.214,0.275,0.242,0.331,0.455,0.338,115,-1,10.7,-15.8,1.6
157,Ryan Jeffers,MIN,85,334,14,40,42,3,9.70%,27.50%,0.193,0.287,0.232,0.317,0.425,0.321,105,-1,0.9,3.7,1.6
158,Harrison Bader,,105,432,13,49,50,18,6.20%,19.40%,0.156,0.286,0.251,0.304,0.407,0.307,93,0.9,-3,4.6,1.6
159,Tim Anderson,,131,602,9,73,53,15,4.80%,21.00%,0.108,0.344,0.279,0.318,0.387,0.307,92,1.2,-4.4,-0.1,1.6
160,Ryan Mountcastle,BAL,131,543,24,66,75,4,8.00%,24.40%,0.198,0.308,0.26,0.324,0.458,0.335,116,-0.5,9.7,-12.2,1.6
161,Ren� Pinto,TBR,101,381,14,43,46,3,5.20%,30.60%,0.176,0.293,0.226,0.272,0.402,0.289,86,-0.6,-7.1,5.8,1.6
162,Wilmer Flores,SFG,133,575,22,70,77,1,9.10%,15.40%,0.184,0.277,0.262,0.337,0.446,0.338,115,-2.4,8.6,-12.3,1.6
163,Jonathan India,CIN,136,590,19,75,69,11,9.80%,21.00%,0.168,0.301,0.256,0.347,0.424,0.337,106,-0.8,3.5,-7.8,1.6
164,Jake Rogers,DET,83,316,14,36,39,3,7.70%,31.50%,0.19,0.271,0.213,0.28,0.403,0.295,85,-0.4,-6,6.3,1.6
165,LaMonte Wade Jr.,SFG,122,555,19,74,56,4,12.70%,20.10%,0.175,0.279,0.244,0.349,0.419,0.335,114,-1.7,7.8,-11.3,1.5
166,Brendan Rodgers,COL,134,568,16,66,70,1,6.90%,18.70%,0.161,0.316,0.275,0.331,0.436,0.331,92,-0.8,-6.2,2.3,1.5
167,Orlando Arcia,ATL,141,547,18,66,67,2,8.20%,19.30%,0.161,0.283,0.251,0.317,0.412,0.316,96,-0.8,-3.6,0.3,1.5
168,Joc Pederson,,117,508,23,68,70,2,10.50%,22.50%,0.211,0.29,0.254,0.342,0.465,0.345,118,-1.1,10.2,-12.4,1.5
169,Victor Caratini,,63,251,7,28,28,2,8.90%,21.10%,0.148,0.29,0.247,0.324,0.395,0.314,97,-1.1,-1.9,4.7,1.5
170,Luis Garc�a,WSN,113,465,12,51,54,7,5.90%,14.30%,0.153,0.303,0.278,0.323,0.431,0.324,102,-1.2,-0.1,-0.6,1.5
171,Jose Siri,TBR,117,463,19,52,58,16,6.20%,33.80%,0.189,0.297,0.221,0.276,0.411,0.295,90,1.3,-4.4,3.6,1.5
172,Brett Baty,NYM,104,398,15,48,48,3,8.90%,25.70%,0.171,0.304,0.247,0.319,0.418,0.32,105,-0.8,1.5,0,1.5
173,Jon Berti,MIA,115,462,7,51,44,23,8.90%,20.40%,0.113,0.314,0.257,0.328,0.37,0.307,91,2.1,-3.2,2.4,1.5
174,Jarren Duran,BOS,130,585,15,79,59,25,7.80%,25.50%,0.166,0.328,0.256,0.322,0.422,0.322,98,1.1,-0.5,-4.7,1.5
175,Brandon Marsh,PHI,130,509,13,58,55,10,10.20%,30.40%,0.153,0.345,0.246,0.329,0.4,0.318,98,0.3,-1.2,-1.4,1.5
176,Keibert Ruiz,WSN,122,526,18,61,67,3,6.80%,10.80%,0.167,0.273,0.27,0.325,0.437,0.329,105,-2.4,0.9,3.2,1.5
177,Ryan McMahon,COL,136,570,21,67,68,7,10.50%,28.60%,0.182,0.316,0.244,0.327,0.427,0.327,89,-0.9,-8.6,3.6,1.4
178,Miguel Vargas,LAD,109,441,13,52,51,7,11.10%,20.50%,0.165,0.284,0.244,0.334,0.409,0.324,105,-0.6,2.1,-2.7,1.4
179,Anthony Rizzo,NYY,131,579,25,73,77,5,9.50%,20.90%,0.194,0.268,0.242,0.334,0.436,0.334,114,-2.7,7.3,-12.7,1.4
180,Lourdes Gurriel Jr.,,136,574,19,68,75,4,6.30%,17.90%,0.178,0.303,0.272,0.323,0.449,0.331,109,-1.9,4.3,-9.7,1.4
181,Andrew Benintendi,CHW,139,635,12,77,56,12,9.10%,16.00%,0.122,0.308,0.269,0.339,0.391,0.319,101,-0.5,0.4,-7.9,1.4
182,Christopher Morel,CHC,134,553,27,69,75,11,8.80%,29.30%,0.222,0.303,0.243,0.315,0.465,0.333,110,0.2,6.7,-11.5,1.4
183,Jordan Lawlar,ARI,122,459,10,52,47,17,8.40%,24.40%,0.135,0.294,0.234,0.307,0.369,0.297,84,0.2,-8.8,7.2,1.4
184,Nolan Schanuel,LAA,125,491,13,59,53,2,13.20%,17.00%,0.148,0.291,0.258,0.364,0.406,0.339,114,-1.1,7.4,-10.1,1.4
185,Logan O'Hoppe,LAA,95,381,18,47,53,3,9.20%,20.70%,0.211,0.272,0.25,0.328,0.461,0.339,114,-1,5.4,5.2,1.4
186,Spencer Steer,CIN,136,593,21,74,77,9,9.80%,21.50%,0.182,0.296,0.254,0.336,0.436,0.335,105,-0.9,2.4,-8.8,1.4
187,Teoscar Hern�ndez,,150,635,27,76,89,7,6.40%,28.50%,0.196,0.323,0.257,0.31,0.453,0.326,105,-1.5,2.6,-10.4,1.4
188,MJ Melendez,KCR,136,613,23,81,69,7,11.50%,25.30%,0.193,0.294,0.241,0.332,0.434,0.331,106,-1.4,3.3,-10.4,1.4
189,Tyler O'Neill,STL,115,458,19,57,60,10,9.30%,27.40%,0.189,0.3,0.242,0.321,0.432,0.326,106,0.1,3.5,-5.5,1.4
190,Ryan Noda,OAK,125,570,19,71,53,6,14.40%,32.90%,0.172,0.299,0.211,0.338,0.383,0.32,107,-1.1,3.9,-9.7,1.4
191,Brice Turang,MIL,126,484,10,54,49,20,9.40%,19.50%,0.125,0.291,0.246,0.319,0.37,0.303,88,0.8,-6.3,3.4,1.4
192,Michael Brantley,,99,429,10,55,48,2,9.00%,11.60%,0.141,0.316,0.295,0.362,0.436,0.347,120,-1.9,8.4,-9.9,1.3
193,Wyatt Langford,TEX,94,381,15,51,49,9,11.10%,23.10%,0.196,0.312,0.262,0.351,0.458,0.35,121,-0.5,9.1,-9,1.3
194,Mark Canha,DET,122,506,13,59,56,7,9.80%,17.50%,0.15,0.294,0.258,0.353,0.408,0.335,113,-1.3,6.7,-10.9,1.3
195,Jordan Walker,STL,138,552,19,66,71,9,8.30%,22.30%,0.175,0.316,0.266,0.335,0.441,0.336,112,-0.8,7.7,-13.5,1.3
196,Esteury Ruiz,OAK,117,463,9,55,42,46,6.50%,20.40%,0.124,0.299,0.248,0.314,0.372,0.301,95,3.4,0.4,-3.2,1.3
197,Travis d'Arnaud,ATL,78,325,12,39,43,1,6.60%,23.30%,0.178,0.287,0.245,0.304,0.424,0.314,94,-1.3,-3.7,1.6,1.3
198,Marcell Ozuna,ATL,143,594,31,80,91,1,8.70%,23.30%,0.228,0.284,0.255,0.323,0.482,0.343,114,-1.5,8.6,-16,1.3
199,Lane Thomas,WSN,147,660,23,83,75,15,7.30%,25.00%,0.182,0.301,0.248,0.31,0.429,0.319,99,-0.2,-1.4,-8.4,1.3
200,Christian V�zquez,MIN,80,316,6,32,32,2,6.60%,20.10%,0.119,0.292,0.246,0.299,0.365,0.29,84,-2,-8.3,5.6,1.3
201,Nick Madrigal,CHC,97,374,4,41,36,9,5.50%,10.70%,0.101,0.31,0.284,0.334,0.385,0.315,98,-0.9,-2,1.9,1.3
202,Marco Luciano,SFG,123,465,13,50,48,6,9.20%,30.70%,0.15,0.297,0.22,0.297,0.369,0.292,85,-0.5,-9.2,6,1.3
203,Jarred Kelenic,SEA,123,515,19,60,63,13,9.50%,27.30%,0.183,0.297,0.237,0.314,0.42,0.316,104,-0.3,2.2,-7.1,1.3
204,Wilyer Abreu,BOS,120,468,15,57,55,8,12.60%,25.80%,0.172,0.308,0.244,0.343,0.416,0.332,105,-1.1,1.5,-4.9,1.2
205,Luis Ur�as,BOS,94,377,11,43,43,2,10.90%,21.20%,0.159,0.283,0.24,0.338,0.4,0.325,100,-0.8,-0.9,0.5,1.2
206,Michael Massey,KCR,115,473,14,51,55,6,5.90%,21.70%,0.16,0.297,0.253,0.305,0.413,0.31,92,-0.4,-5.2,1.5,1.2
207,Brayan Rocchio,CLE,91,353,6,37,36,7,8.20%,17.40%,0.122,0.291,0.25,0.318,0.372,0.304,94,-0.8,-3.5,3.9,1.2
208,Austin Wells,NYY,85,358,13,41,45,3,8.80%,24.00%,0.179,0.271,0.231,0.306,0.41,0.31,98,-0.5,-1.5,0.1,1.2
209,Jake Meyers,HOU,112,429,12,50,47,7,7.90%,26.10%,0.146,0.302,0.237,0.306,0.383,0.301,91,0.1,-4.7,2.4,1.2
210,Darell Hernaiz,OAK,107,414,6,39,38,7,6.50%,17.10%,0.108,0.29,0.249,0.303,0.357,0.29,87,-0.7,-7.2,5.3,1.2
211,Michael Conforto,SFG,130,548,17,63,64,3,11.00%,22.70%,0.161,0.3,0.249,0.342,0.41,0.328,109,-0.9,5,-11.5,1.2
212,Nick Fortes,MIA,69,275,8,30,31,4,7.00%,18.30%,0.147,0.268,0.239,0.304,0.387,0.302,87,-0.2,-4.7,3.8,1.2
213,Josh Bell,MIA,143,630,23,81,77,1,11.20%,19.60%,0.183,0.291,0.258,0.345,0.441,0.34,113,-3.1,6.7,-16.3,1.2
214,Dylan Carlson,STL,58,242,6,30,27,3,10.10%,19.30%,0.163,0.299,0.257,0.342,0.42,0.333,111,-0.2,3,0.6,1.2
215,Matt Wallner,MIN,110,440,16,52,53,3,11.00%,32.90%,0.191,0.329,0.234,0.334,0.426,0.329,110,-0.6,4.9,-8.2,1.2
216,Kyle Isbel,KCR,110,431,10,47,47,11,7.30%,21.40%,0.148,0.299,0.248,0.309,0.396,0.307,89,0.2,-5.3,2.2,1.1
217,Matt Vierling,DET,100,415,9,44,43,8,8.20%,20.80%,0.137,0.308,0.256,0.323,0.393,0.313,98,-0.2,-1.4,-1.3,1.1
218,Shea Langeliers,OAK,95,394,16,43,48,3,7.70%,28.10%,0.192,0.274,0.224,0.289,0.416,0.303,95,-0.9,-3.1,7.9,1.1
219,Cavan Biggio,TOR,138,568,14,64,60,7,12.40%,26.20%,0.142,0.297,0.229,0.334,0.371,0.313,100,-0.8,-1,-7.1,1.1
220,Oswald Peraza,NYY,73,293,9,33,33,10,7.50%,22.00%,0.152,0.289,0.245,0.312,0.396,0.309,97,-0.1,-1.1,2.3,1.1
221,Starling Marte,NYM,138,579,15,68,63,30,6.00%,20.90%,0.14,0.313,0.262,0.32,0.402,0.314,100,2.4,2.6,-11.2,1.1
222,Gary S�nchez,,103,413,19,48,53,2,9.40%,27.50%,0.199,0.252,0.214,0.298,0.413,0.308,93,-1.7,-5.2,2.2,1.1
223,Alex Kirilloff,MIN,94,401,15,49,51,2,8.30%,23.60%,0.177,0.312,0.26,0.332,0.437,0.332,113,-1.1,5,-7.6,1.1
224,Vaughn Grissom,ATL,96,363,7,46,40,7,8.30%,16.80%,0.133,0.324,0.28,0.349,0.412,0.333,107,-0.2,2.8,-4.2,1.1
225,Mike Tauchman,CHC,84,384,8,48,33,6,12.50%,23.80%,0.133,0.308,0.241,0.344,0.374,0.319,100,-0.4,-0.4,-1.9,1.1
226,Ram�n Laureano,CLE,125,529,16,60,62,13,8.10%,27.50%,0.165,0.294,0.229,0.306,0.394,0.305,95,-0.2,-3.5,-3.7,1.1
227,Gio Urshela,LAA,92,377,9,41,43,3,6.30%,18.50%,0.136,0.318,0.273,0.322,0.409,0.317,99,-1.6,-1.9,0,1.1
228,Seth Brown,OAK,113,488,20,56,64,6,8.50%,27.20%,0.199,0.286,0.235,0.304,0.434,0.317,105,-1.4,1.6,-7.4,1.1
229,Pete Crow-Armstrong,CHC,94,389,10,45,42,15,7.00%,27.30%,0.154,0.317,0.244,0.305,0.397,0.305,91,-0.3,-4.9,2.4,1.1
230,Ezequiel Tovar,COL,143,626,17,76,69,13,5.10%,23.50%,0.158,0.316,0.258,0.301,0.417,0.309,77,-0.7,-18.2,7.5,1.1
231,Iv�n Herrera,STL,38,151,4,18,16,2,13.30%,22.70%,0.146,0.309,0.248,0.358,0.394,0.334,111,-0.2,1.9,3.3,1.1
232,Adam Frazier,,109,444,7,48,43,10,7.40%,13.60%,0.117,0.289,0.26,0.322,0.378,0.307,92,-0.4,-4.6,0.1,1.1
233,Kevin Kiermaier,,97,381,8,42,40,10,7.20%,23.50%,0.141,0.304,0.244,0.304,0.385,0.3,88,-0.1,-5.7,3.4,1.1
234,Salvador Perez,KCR,136,598,27,72,87,1,4.10%,24.00%,0.197,0.3,0.26,0.3,0.456,0.32,99,-2.7,-3.5,4,1.1
235,Ronny Mauricio,NYM,86,359,12,43,43,9,5.60%,21.40%,0.164,0.296,0.255,0.301,0.419,0.308,96,-0.2,-1.9,0.2,1.1
236,Colt Keith,DET,79,322,9,37,37,2,8.10%,21.90%,0.164,0.312,0.26,0.324,0.425,0.323,105,-0.6,1.3,-1.7,1.1
237,Jos� Abreu,HOU,143,612,19,73,80,1,8.20%,21.30%,0.16,0.308,0.261,0.332,0.42,0.327,109,-2.2,4.1,-14.4,1
238,Santiago Espinal,TOR,83,328,5,35,33,5,7.60%,14.60%,0.11,0.304,0.268,0.328,0.379,0.31,97,-0.2,-1.3,0.4,1
239,Garrett Mitchell,MIL,97,387,10,41,41,11,9.00%,29.40%,0.145,0.32,0.236,0.311,0.381,0.304,88,-0.1,-5.6,2.7,1
240,Miguel Amaya,CHC,60,236,7,26,26,1,9.70%,26.50%,0.158,0.283,0.224,0.316,0.382,0.307,92,-0.4,-2.8,2.5,1
241,Tommy Pham,,131,570,18,69,67,16,9.90%,24.00%,0.165,0.301,0.246,0.326,0.411,0.321,102,0.5,1.9,-11.2,1
242,Brent Rooker,OAK,128,561,26,66,73,3,9.70%,32.80%,0.209,0.292,0.223,0.311,0.432,0.32,108,-0.9,4.2,-13.2,1
243,Kyle Manzardo,CLE,99,394,15,46,50,2,10.90%,21.50%,0.191,0.277,0.242,0.33,0.434,0.331,113,-0.7,5.3,-8.7,1
244,Willi Castro,MIN,113,445,10,52,48,21,6.60%,23.30%,0.144,0.308,0.249,0.31,0.393,0.306,95,1.1,-1.9,-3.4,1
245,Austin Slater,SFG,66,291,8,35,29,7,10.20%,27.70%,0.15,0.328,0.247,0.333,0.398,0.321,104,0.5,1.9,-2.1,1
246,Michael A. Taylor,,109,425,14,47,48,9,7.00%,29.50%,0.157,0.3,0.231,0.29,0.388,0.294,84,-0.2,-8.5,3.7,1
247,Manuel Margot,TBR,87,359,7,40,38,9,7.20%,17.50%,0.129,0.307,0.265,0.322,0.394,0.312,102,0,0.9,-3.5,1
248,Chris Taylor,LAD,134,547,16,61,60,15,10.20%,31.40%,0.158,0.312,0.226,0.313,0.384,0.305,92,0.3,-5.3,-3.8,0.9
249,Myles Straw,CLE,100,387,2,40,31,16,9.10%,18.00%,0.077,0.302,0.247,0.318,0.324,0.288,82,1.7,-6.4,2.7,0.9
250,Omar Narv�ez,NYM,55,215,5,23,22,1,9.50%,19.90%,0.126,0.287,0.243,0.322,0.369,0.305,94,-0.7,-2.4,2.1,0.9
251,Jes�s S�nchez,MIA,105,434,17,51,55,3,8.80%,25.80%,0.195,0.307,0.252,0.323,0.446,0.33,106,-1.4,2,-7.3,0.9
252,Tony Kemp,OAK,91,393,7,47,36,11,9.90%,12.00%,0.12,0.274,0.252,0.335,0.372,0.314,97,-0.1,-1.6,-2.5,0.9
253,Liover Peguero,PIT,107,407,11,46,45,13,6.40%,22.70%,0.145,0.3,0.248,0.3,0.392,0.3,85,0.2,-7.5,2.9,0.9
254,Logan Porter,KCR,59,234,5,25,22,1,11.40%,26.90%,0.125,0.295,0.223,0.32,0.348,0.299,84,-0.7,-5.2,4.5,0.9
255,Jake Fraley,CIN,112,475,19,62,61,17,11.40%,21.90%,0.188,0.286,0.249,0.342,0.436,0.337,106,-0.1,3.4,-10.4,0.9
256,Jason Heyward,,97,395,12,45,46,4,8.70%,18.90%,0.157,0.286,0.251,0.323,0.408,0.318,100,-0.5,-0.5,-3.9,0.9
257,Mark Vientos,NYM,107,432,20,53,59,1,8.00%,27.20%,0.206,0.295,0.244,0.31,0.451,0.326,108,-1.3,3,-8.6,0.9
258,Johan Rojas,PHI,97,369,7,42,38,19,5.40%,20.60%,0.128,0.303,0.252,0.3,0.38,0.296,83,0.8,-7,3.4,0.9
259,JJ Bleday,OAK,117,483,16,52,51,6,12.90%,25.20%,0.17,0.263,0.216,0.322,0.385,0.312,102,-0.7,0.5,-8,0.9
260,Tyler Black,MIL,76,309,8,37,33,12,12.10%,22.50%,0.161,0.294,0.24,0.342,0.401,0.326,104,-0.2,1.2,-2.8,0.9
261,Brandon Crawford,,104,414,11,44,45,4,8.40%,23.30%,0.144,0.289,0.237,0.309,0.381,0.301,88,-1,-6.9,1.7,0.9
262,Will Benson,CIN,113,458,15,55,51,15,13.90%,30.20%,0.181,0.306,0.225,0.34,0.405,0.327,99,-0.4,-0.9,-5.9,0.9
263,Yasmani Grandal,,59,239,6,26,25,1,12.10%,21.80%,0.138,0.278,0.233,0.332,0.37,0.312,96,-1.9,-3.2,2.2,0.9
264,Yan Gomes,CHC,94,373,11,38,43,2,4.90%,19.50%,0.148,0.288,0.251,0.297,0.399,0.301,88,-1.3,-7,8.1,0.9
265,Lenyn Sosa,CHW,102,406,15,42,48,2,4.90%,21.30%,0.165,0.279,0.245,0.286,0.41,0.298,87,-0.7,-7.1,2,0.9
266,Jean Segura,,75,306,6,32,32,7,6.80%,15.60%,0.119,0.301,0.267,0.325,0.386,0.311,95,-0.2,-2.1,0.3,0.9
267,Gabriel Arias,CLE,60,244,8,27,28,3,8.20%,27.10%,0.16,0.305,0.239,0.308,0.399,0.308,96,-0.4,-1.4,1.7,0.9
268,Carson Kelly,DET,56,222,6,24,23,1,9.30%,22.20%,0.149,0.27,0.227,0.307,0.376,0.3,89,-0.4,-3.4,5,0.9
269,Bryan De La Cruz,MIA,139,587,19,66,73,4,6.70%,23.10%,0.166,0.313,0.262,0.313,0.427,0.319,99,-1.3,-2.2,-9.2,0.9
270,Aaron Hicks,,117,473,11,52,47,7,13.00%,23.50%,0.132,0.291,0.232,0.337,0.365,0.312,96,-0.1,-2.6,-4.9,0.9
271,Giancarlo Stanton,NYY,105,454,27,59,70,1,10.30%,29.50%,0.24,0.269,0.23,0.313,0.471,0.333,114,-2.6,4.9,-11.8,0.9
272,Josh Rojas,SEA,94,373,7,41,35,11,9.60%,22.90%,0.118,0.301,0.24,0.316,0.358,0.298,92,1.2,-2.6,-1.7,0.8
273,Miguel Rojas,LAD,78,300,6,33,31,6,6.00%,13.20%,0.118,0.279,0.256,0.307,0.374,0.298,87,-0.7,-5.5,3.6,0.8
274,Kerry Carpenter,DET,122,522,21,62,72,4,7.20%,24.60%,0.192,0.305,0.255,0.318,0.447,0.327,107,-1.3,3.2,-12.6,0.8
275,Josh Donaldson,,86,362,14,43,44,1,11.10%,26.30%,0.185,0.269,0.223,0.316,0.408,0.315,98,-1.9,-2.7,-1.3,0.8
276,Victor Robles,WSN,113,432,9,48,43,17,7.10%,22.90%,0.133,0.303,0.244,0.313,0.377,0.303,88,0.5,-5.9,-0.6,0.8
277,Jake McCarthy,ARI,89,353,7,41,38,20,7.80%,20.60%,0.139,0.313,0.259,0.325,0.397,0.315,96,1.4,-0.2,-3.6,0.8
278,Ram�n Ur�as,BAL,70,281,6,30,30,2,7.60%,24.30%,0.135,0.313,0.248,0.314,0.383,0.305,95,-0.4,-2.2,0.7,0.8
279,Joshua Palacios,PIT,86,352,11,40,41,7,7.10%,20.10%,0.159,0.307,0.264,0.325,0.424,0.325,101,-0.4,0.2,-4.1,0.8
280,Jasson Dom�nguez,NYY,78,327,10,37,36,10,10.50%,27.40%,0.153,0.301,0.233,0.317,0.385,0.307,96,-0.3,-2,-1.1,0.8
281,Austin Hedges,TEX,51,196,5,19,19,2,6.50%,25.00%,0.121,0.247,0.202,0.262,0.323,0.258,59,-0.5,-10.3,3.8,0.8
282,Isiah Kiner-Falefa,,84,340,5,35,33,12,6.40%,16.20%,0.098,0.305,0.264,0.318,0.362,0.299,87,0.2,-5.1,1.5,0.8
283,Taylor Walls,TBR,68,271,6,30,26,10,12.30%,25.50%,0.136,0.268,0.21,0.311,0.346,0.293,89,0.4,-3.3,2,0.8
284,Christian Bethancourt,CLE,54,215,7,23,26,2,5.00%,24.90%,0.16,0.292,0.241,0.283,0.401,0.295,87,-0.5,-3.8,5.2,0.8
285,Javier B�ez,DET,117,476,14,51,55,8,4.80%,25.10%,0.156,0.296,0.241,0.287,0.397,0.295,85,0.2,-8.3,0,0.8
286,Akil Baddoo,DET,71,295,8,35,31,11,11.30%,24.10%,0.156,0.3,0.241,0.329,0.396,0.317,101,0.6,0.8,-3,0.8
287,Luis Matos,SFG,70,279,6,29,31,5,7.30%,13.70%,0.141,0.289,0.265,0.325,0.406,0.318,102,-0.6,0.1,-1.8,0.8
288,Jared Triolo,PIT,120,501,7,52,48,10,10.50%,25.30%,0.111,0.335,0.252,0.336,0.362,0.31,92,-0.8,-6,-3.2,0.8
289,Rowdy Tellez,MIL,96,404,20,51,58,1,9.90%,22.70%,0.218,0.266,0.241,0.321,0.459,0.331,107,-1.7,1.7,-7.6,0.8
290,Ji Hwan Bae,PIT,76,313,4,35,29,16,8.90%,21.30%,0.116,0.32,0.257,0.328,0.372,0.309,91,0.4,-3.2,0.3,0.8
291,Brandon Drury,LAA,141,616,26,74,85,3,6.00%,24.70%,0.199,0.291,0.248,0.301,0.447,0.32,101,-2,-1.4,-11.9,0.8
292,Ryan O'Hearn,BAL,102,434,17,51,60,3,6.00%,24.00%,0.184,0.303,0.256,0.306,0.44,0.319,105,-1.4,1,-8.2,0.8
293,Henry Davis,PIT,128,516,16,59,60,10,10.80%,23.20%,0.166,0.295,0.244,0.339,0.41,0.326,102,-1.1,0.3,-10.4,0.8
294,Tom Murphy,,75,297,11,34,36,2,9.50%,27.30%,0.176,0.303,0.24,0.318,0.416,0.319,101,-0.8,-0.6,2,0.7
295,Estevan Florial,NYY,73,277,9,33,30,10,10.30%,32.20%,0.165,0.307,0.223,0.307,0.388,0.302,93,0,-2.4,0.4,0.7
296,Reese McGuire,BOS,60,235,3,23,23,2,5.70%,22.90%,0.112,0.308,0.244,0.294,0.356,0.284,72,-0.7,-8.6,5.8,0.7
297,Elvis Andrus,,71,291,6,31,29,8,6.30%,17.20%,0.122,0.287,0.25,0.303,0.372,0.295,84,0.8,-4.8,2.3,0.7
298,Tyler Stephenson,CIN,94,368,10,43,42,2,9.10%,24.30%,0.151,0.317,0.255,0.329,0.406,0.32,95,-1,-3.5,6.1,0.7
299,Drew Waters,KCR,86,338,9,38,37,11,8.80%,29.30%,0.161,0.324,0.24,0.313,0.401,0.311,92,-0.1,-3.2,-0.9,0.7
300,Carlos Santana,,128,549,20,65,69,3,11.50%,18.10%,0.173,0.259,0.238,0.328,0.411,0.323,103,-1.3,0.9,-12.2,0.7
301,Kris Bryant,COL,125,542,19,67,72,2,9.00%,20.50%,0.182,0.311,0.269,0.342,0.45,0.342,100,-0.5,-0.7,-10.5,0.7
302,Justin Turner,,130,563,16,66,67,3,8.50%,18.60%,0.153,0.297,0.26,0.333,0.413,0.326,105,-3,0.5,-12.3,0.7
303,Dominic Smith,WSN,125,521,14,57,59,2,8.10%,18.50%,0.149,0.297,0.259,0.329,0.408,0.321,100,-1.9,-2,-8.5,0.7
304,Whit Merrifield,,130,553,10,61,53,22,6.20%,17.20%,0.116,0.296,0.257,0.306,0.373,0.296,85,1,-9.1,-2.5,0.7
305,Jonny Deluca,LAD,83,336,13,40,44,5,7.60%,21.10%,0.189,0.261,0.235,0.3,0.424,0.312,96,-0.4,-1.9,-2.4,0.7
306,Nelson Vel�zquez,KCR,110,459,21,56,63,7,8.00%,29.00%,0.209,0.293,0.237,0.305,0.447,0.321,99,-0.4,-0.8,-7.6,0.7
307,Lawrence Butler,OAK,76,309,9,32,33,6,6.70%,25.20%,0.151,0.299,0.241,0.296,0.392,0.297,92,-0.3,-3.4,-0.1,0.7
308,Hunter Renfroe,,97,408,18,49,56,1,7.90%,22.80%,0.204,0.277,0.245,0.308,0.448,0.324,104,-1.3,0.9,-7.8,0.7
309,Kolten Wong,,65,266,6,30,27,7,7.70%,18.60%,0.133,0.289,0.248,0.32,0.382,0.308,93,0.1,-2.1,0,0.7
310,Jesse Winker,,86,371,10,46,40,1,13.90%,19.80%,0.152,0.291,0.249,0.361,0.401,0.337,113,-2.3,3.6,-9.4,0.7
311,Miguel Andujar,OAK,71,297,9,32,34,3,7.10%,15.90%,0.152,0.292,0.266,0.321,0.418,0.318,106,-0.3,1.8,-5.2,0.7
312,Dominic Canzone,SEA,73,297,11,34,37,3,7.20%,20.90%,0.179,0.29,0.254,0.313,0.433,0.321,108,-0.7,2.1,-5.4,0.7
313,Enrique Hern�ndez,,92,379,9,41,40,2,7.70%,19.10%,0.143,0.278,0.241,0.306,0.385,0.301,89,-0.4,-5.7,-0.6,0.7
314,Manny Pi�a,,39,156,6,17,18,1,7.40%,20.90%,0.168,0.253,0.226,0.293,0.393,0.298,86,-0.6,-3.2,3.3,0.6
315,Masyn Winn,STL,53,204,5,23,22,5,7.40%,18.90%,0.134,0.286,0.246,0.307,0.38,0.3,89,0,-2.9,2.4,0.6
316,Alex Jackson,TBR,45,182,7,20,22,1,7.10%,31.50%,0.183,0.274,0.212,0.28,0.395,0.292,88,-0.4,-3.1,3.9,0.6
317,Xavier Edwards,MIA,47,190,2,21,17,6,9.30%,12.60%,0.091,0.309,0.276,0.347,0.367,0.316,97,-0.1,-0.9,0.7,0.6
318,Andruw Monasterio,MIL,81,318,5,33,30,6,10.30%,22.80%,0.108,0.31,0.244,0.328,0.352,0.303,88,-0.9,-5.6,1,0.6
319,Mauricio Dub�n,HOU,62,263,6,31,28,4,5.50%,15.10%,0.132,0.291,0.264,0.309,0.396,0.306,94,-0.3,-2.2,-0.5,0.6
320,Nick Allen,OAK,55,213,3,21,19,5,7.20%,16.90%,0.106,0.28,0.241,0.3,0.348,0.286,84,-0.1,-4.3,3.1,0.6
321,Ildemaro Vargas,WSN,84,337,6,34,34,3,6.30%,11.70%,0.126,0.281,0.261,0.311,0.388,0.304,88,-0.7,-5.5,0.1,0.6
322,DJ Stewart,NYM,107,428,18,50,54,2,11.50%,28.10%,0.195,0.271,0.221,0.323,0.416,0.322,106,-0.8,2.2,-10.7,0.6
323,Andy Ib��ez,DET,52,215,5,24,24,2,7.20%,17.60%,0.148,0.296,0.26,0.318,0.408,0.315,99,-0.5,-0.7,-0.6,0.6
324,Austin Barnes,LAD,45,174,4,19,18,2,9.30%,22.00%,0.135,0.263,0.221,0.302,0.356,0.291,83,-0.5,-4.2,2.3,0.6
325,Will Brennan,CLE,75,299,5,31,32,7,5.90%,14.40%,0.119,0.309,0.275,0.323,0.394,0.311,99,-0.4,-0.7,-3.5,0.6
326,Zach McKinstry,DET,86,355,8,38,35,9,8.80%,22.20%,0.14,0.293,0.239,0.312,0.379,0.303,91,-0.1,-4.2,-1.9,0.6
327,Donovan Solano,,86,367,5,41,36,1,7.40%,21.20%,0.111,0.339,0.272,0.34,0.384,0.319,100,-1.7,-1.5,-5.1,0.6
328,Colson Montgomery,CHW,49,197,4,21,19,1,10.70%,24.20%,0.128,0.285,0.226,0.321,0.355,0.3,88,-0.4,-3.3,2.4,0.6
329,Andrew McCutchen,,117,512,16,62,57,9,12.40%,22.80%,0.157,0.292,0.242,0.341,0.399,0.326,105,-2.1,1,-12.6,0.6
330,Jordan Diaz,OAK,45,188,6,20,22,1,5.20%,19.80%,0.161,0.293,0.257,0.301,0.419,0.31,100,-0.3,-0.3,-0.3,0.6
331,James McCann,BAL,47,183,5,19,19,2,5.90%,25.90%,0.136,0.298,0.236,0.289,0.371,0.288,83,-0.4,-4.1,4,0.6
332,Spencer Horwitz,TOR,53,219,5,26,23,2,12.50%,20.40%,0.136,0.317,0.26,0.359,0.397,0.333,113,-0.5,3,-4.7,0.6
333,Jos� Caballero,SEA,49,191,3,22,17,11,11.80%,23.00%,0.117,0.284,0.225,0.334,0.342,0.306,97,0.3,-0.4,-0.4,0.6
334,Connor Joe,PIT,87,380,9,45,39,5,11.40%,22.80%,0.151,0.301,0.243,0.339,0.395,0.323,101,-0.5,-0.3,-7,0.6
335,Enmanuel Valdez,BOS,60,236,8,28,29,3,9.40%,22.90%,0.177,0.291,0.245,0.32,0.421,0.32,97,-0.3,-1.2,-1.2,0.6
336,Ji Man Choi,,92,390,14,46,47,1,12.20%,28.50%,0.179,0.302,0.233,0.332,0.412,0.325,105,-1.3,0.8,-8.6,0.6
337,Tyler Freeman,CLE,31,127,2,14,13,2,7.10%,15.50%,0.122,0.308,0.271,0.34,0.393,0.323,107,-0.2,0.9,0.2,0.5
338,Matt Mervis,CHC,99,384,15,46,49,1,9.80%,25.30%,0.195,0.296,0.245,0.327,0.44,0.33,107,-1,2.5,-10.2,0.5
339,Nathan Lukes,TOR,87,332,6,38,34,5,8.00%,18.90%,0.122,0.31,0.26,0.326,0.382,0.309,97,-0.4,-1.7,-4.2,0.5
340,Junior Caminero,TBR,29,123,5,15,16,1,6.40%,22.20%,0.189,0.307,0.265,0.317,0.454,0.33,114,-0.2,1.9,-0.7,0.5
341,Luis Guillorme,NYM,45,180,2,19,16,1,11.10%,17.60%,0.096,0.304,0.254,0.342,0.351,0.308,96,-0.6,-1.5,0.6,0.5
342,Roberto P�rez,SFG,47,183,6,19,19,2,9.40%,32.20%,0.142,0.271,0.2,0.281,0.342,0.276,71,-0.8,-7.2,4.8,0.5
343,Carter Kieboom,WSN,115,448,12,47,47,2,9.50%,23.80%,0.14,0.285,0.232,0.315,0.373,0.303,88,-1.1,-7.8,-2.2,0.5
344,Jason Delay,PIT,45,173,2,17,15,2,6.80%,25.40%,0.107,0.296,0.227,0.286,0.334,0.274,67,-0.4,-7.4,1.8,0.5
345,Jurickson Profar,,86,384,9,47,36,3,10.80%,17.50%,0.137,0.276,0.242,0.33,0.379,0.314,97,-0.8,-2.3,-5.6,0.5
346,Oswaldo Cabrera,NYY,71,289,9,32,32,6,7.90%,22.90%,0.156,0.281,0.236,0.301,0.392,0.301,92,-0.2,-3.1,-1.7,0.5
347,Jacob Amaya,MIA,62,249,5,26,23,2,10.00%,21.20%,0.12,0.276,0.227,0.309,0.348,0.292,80,-0.4,-6.4,3,0.5
348,Travis Jankowski,,65,265,2,28,22,10,12.00%,19.00%,0.087,0.305,0.248,0.344,0.335,0.306,92,-0.7,-3.3,-0.7,0.5
349,Jacob Stallings,MIA,72,276,5,28,25,1,9.00%,23.10%,0.113,0.289,0.23,0.307,0.343,0.289,78,-1.5,-8.9,5,0.5
350,Mitch Haniger,SFG,96,407,16,46,52,1,7.90%,25.30%,0.183,0.289,0.241,0.309,0.424,0.316,101,-1.1,-0.7,-8.1,0.5
351,Brandon Belt,TOR,99,424,17,52,51,1,13.00%,31.60%,0.188,0.303,0.225,0.334,0.413,0.326,106,-1.7,1.2,-10.7,0.5
352,Casey Schmitt,SFG,60,238,5,24,24,2,5.50%,22.90%,0.13,0.297,0.243,0.291,0.373,0.289,83,-0.5,-5.6,2.4,0.5
353,Brian Anderson,,68,283,8,30,30,2,9.60%,27.80%,0.149,0.296,0.227,0.311,0.376,0.302,89,-0.6,-4.4,-0.3,0.5
354,Harold Ram�rez,TBR,52,221,5,25,27,2,5.20%,18.40%,0.144,0.328,0.283,0.328,0.427,0.327,112,-0.2,2.9,-5.6,0.5
355,J.D. Martinez,,126,542,23,66,75,1,8.20%,28.30%,0.202,0.311,0.248,0.314,0.45,0.327,106,-3,1,-14.7,0.5
356,Sam Huff,TEX,51,205,9,24,26,1,8.00%,31.90%,0.192,0.301,0.231,0.298,0.423,0.309,93,-0.4,-2,-0.3,0.5
357,David Peralta,,76,317,7,35,36,2,6.80%,19.80%,0.146,0.309,0.262,0.316,0.408,0.313,96,-1.1,-2.5,-3.7,0.5
358,Max Stassi,LAA,50,200,6,20,21,1,9.20%,29.90%,0.141,0.273,0.207,0.288,0.348,0.282,74,-0.7,-6.9,3,0.4
359,Joey Meneses,WSN,143,619,20,70,80,1,6.50%,21.40%,0.165,0.313,0.267,0.318,0.432,0.323,101,-2,-1.1,-15.5,0.4
360,Tucker Barnhart,,48,185,3,17,16,1,8.30%,27.80%,0.095,0.295,0.216,0.289,0.311,0.268,66,-0.7,-8.4,4.7,0.4
361,Daniel Vogelbach,NYM,57,237,10,29,30,0,14.50%,25.40%,0.189,0.279,0.232,0.346,0.421,0.335,114,-1.3,3,-6.6,0.4
362,Luke Maile,CIN,60,232,6,25,24,2,8.70%,26.40%,0.136,0.296,0.23,0.307,0.366,0.297,79,-0.6,-6.6,5.2,0.4
363,Trevor Larnach,MIN,58,242,8,27,27,1,11.40%,32.00%,0.168,0.314,0.226,0.321,0.394,0.313,99,-0.6,-0.9,-3,0.4
364,Miles Mastrobuoni,CHC,36,142,2,16,13,4,10.50%,22.00%,0.111,0.324,0.256,0.337,0.367,0.312,95,0,-0.8,0.3,0.4
365,Abraham Toro,MIL,53,216,6,24,24,2,8.80%,19.20%,0.156,0.283,0.246,0.32,0.402,0.315,96,-0.6,-1.7,-1.4,0.4
366,Emmanuel Rivera,ARI,84,350,10,39,40,2,7.60%,21.50%,0.156,0.299,0.252,0.313,0.407,0.313,95,-0.6,-2.9,-4.9,0.4
367,David Fletcher,LAA,68,278,3,29,25,4,5.50%,10.10%,0.088,0.292,0.27,0.314,0.357,0.294,83,-0.3,-6,0.7,0.4
368,Kevin Smith,OAK,58,232,8,23,25,4,6.40%,30.50%,0.161,0.282,0.216,0.272,0.378,0.281,80,-0.2,-5.7,2,0.4
369,Adalberto Mondesi,BOS,63,254,7,27,27,11,5.60%,29.00%,0.143,0.306,0.232,0.281,0.374,0.284,77,0.7,-6.4,1.9,0.4
370,Kevin Newman,,60,253,3,27,23,5,6.00%,13.80%,0.1,0.292,0.26,0.309,0.36,0.294,83,0.1,-5.1,0.6,0.4
371,Pablo Reyes,BOS,40,162,3,18,17,4,8.40%,18.00%,0.136,0.296,0.255,0.322,0.391,0.312,91,-0.1,-1.8,0.4,0.4
372,Joey Gallo,,89,361,17,44,44,3,14.30%,37.60%,0.21,0.27,0.192,0.314,0.401,0.313,97,-0.3,-1.7,-6.6,0.4
373,Dylan Moore,SEA,60,239,7,27,24,12,10.50%,30.50%,0.155,0.279,0.206,0.305,0.361,0.295,90,0.3,-2.7,-1.4,0.4
374,Patrick Wisdom,CHC,97,397,21,48,54,6,9.60%,35.70%,0.225,0.271,0.208,0.292,0.433,0.311,95,-0.7,-3.2,-6.3,0.4
375,Edgar Quero,CHW,27,110,2,11,10,1,11.30%,21.70%,0.116,0.276,0.225,0.322,0.342,0.298,86,-0.2,-2,2.3,0.4
376,Kyle Farmer,MIN,44,184,4,20,20,2,5.80%,20.40%,0.136,0.293,0.248,0.307,0.384,0.302,91,-0.4,-2.2,-0.1,0.4
377,Heston Kjerstad,BAL,49,195,6,23,24,1,6.60%,22.40%,0.17,0.313,0.262,0.321,0.432,0.324,108,-0.3,1.5,-4.2,0.4
378,Jeferson Quero,MIL,32,128,4,14,14,1,7.10%,22.00%,0.145,0.276,0.235,0.294,0.38,0.294,82,-0.2,-3.1,2.6,0.4
379,Kyle Higashioka,NYY,18,70,3,8,9,0,5.90%,26.90%,0.18,0.269,0.225,0.274,0.405,0.291,85,-0.2,-1.5,1.1,0.4
380,Eduardo Escobar,,99,401,12,43,46,2,6.90%,23.60%,0.16,0.281,0.234,0.29,0.394,0.295,84,-1.1,-8.8,-0.9,0.4
381,Orelvis Martinez,TOR,71,289,12,33,35,2,8.50%,26.00%,0.185,0.25,0.213,0.287,0.398,0.296,88,-0.4,-4.7,-1.3,0.4
382,Everson Pereira,NYY,84,334,10,36,38,6,7.20%,30.70%,0.159,0.314,0.234,0.296,0.392,0.299,90,-0.4,-4.3,-3.4,0.4
383,Rob Refsnyder,BOS,37,160,3,19,16,3,11.30%,23.40%,0.134,0.327,0.256,0.35,0.39,0.328,102,-0.3,0.1,-1.9,0.4
384,Addison Barger,TOR,40,164,4,19,18,2,8.90%,24.20%,0.149,0.301,0.243,0.316,0.392,0.308,96,-0.3,-1.1,-0.8,0.4
385,Brenton Doyle,COL,133,505,15,56,55,19,5.30%,32.40%,0.153,0.316,0.229,0.276,0.383,0.284,61,0.8,-23.8,10.3,0.4
386,Nick Loftin,KCR,45,181,4,19,19,3,7.30%,16.50%,0.132,0.286,0.254,0.315,0.386,0.307,90,-0.3,-2.5,0,0.4
387,Samad Taylor,KCR,31,124,2,14,12,6,10.60%,23.90%,0.128,0.317,0.247,0.334,0.375,0.313,94,0.1,-0.7,0.1,0.4
388,Randal Grichuk,,110,458,16,51,56,3,5.70%,22.60%,0.168,0.286,0.245,0.294,0.413,0.304,90,-1.3,-6.8,-5.3,0.4
389,Joey Wiemer,MIL,55,213,7,25,25,6,8.50%,27.30%,0.17,0.282,0.226,0.298,0.397,0.302,87,-0.1,-3.5,-0.3,0.3
390,Luke Raley,TBR,73,290,11,34,35,6,7.60%,31.40%,0.179,0.31,0.231,0.312,0.41,0.315,104,-0.2,1.1,-7.5,0.3
391,Aledmys D�az,OAK,53,222,5,22,23,1,5.40%,18.90%,0.138,0.276,0.241,0.291,0.379,0.29,87,-0.8,-4.4,0.3,0.3
392,Edward Olivares,KCR,60,243,7,28,29,6,6.50%,18.20%,0.165,0.3,0.265,0.323,0.431,0.325,102,-0.2,0.4,-5.2,0.3
393,Wade Meckler,SFG,31,126,2,13,11,2,9.30%,23.70%,0.104,0.334,0.256,0.332,0.36,0.307,95,-0.1,-1,0,0.3
394,Josh H. Smith,TEX,29,118,3,14,12,2,10.30%,22.40%,0.135,0.296,0.24,0.334,0.375,0.315,97,-0.3,-0.7,0,0.3
395,Mike Zunino,,45,177,7,19,21,1,7.80%,35.80%,0.181,0.258,0.191,0.263,0.372,0.276,71,-0.5,-6.6,2.9,0.3
396,Edmundo Sosa,PHI,44,173,4,19,19,3,4.00%,23.60%,0.144,0.303,0.246,0.295,0.39,0.297,84,0,-3.5,0.8,0.3
397,Hunter Goodman,COL,117,453,22,57,65,2,6.50%,25.80%,0.229,0.297,0.254,0.308,0.483,0.335,95,-0.7,-3.6,-8.6,0.3
398,Nick Castellanos,PHI,150,647,24,77,89,7,6.00%,24.90%,0.183,0.316,0.26,0.309,0.443,0.322,100,-2.2,-1.9,-17,0.3
399,Adam Duvall,,123,510,24,59,69,4,6.70%,31.60%,0.206,0.27,0.216,0.277,0.422,0.299,87,-1.2,-9.4,-4.8,0.3
400,Carlos P�rez,CHW,53,210,7,22,23,1,6.20%,14.10%,0.153,0.245,0.235,0.289,0.388,0.294,84,-0.4,-4.5,3.5,0.3
401,Tyler Soderstrom,OAK,85,344,13,35,39,1,6.10%,28.40%,0.17,0.269,0.217,0.27,0.387,0.283,82,-0.6,-8.2,0.5,0.3
402,Garrett Cooper,,105,452,15,53,54,1,8.50%,27.60%,0.165,0.318,0.247,0.319,0.412,0.318,100,-2.2,-2.3,-9.9,0.3
403,Romy Gonzalez,CHW,81,315,10,33,35,9,6.20%,31.50%,0.159,0.302,0.225,0.277,0.383,0.285,78,-0.1,-8.5,0.8,0.3
404,Sean Bouchard,COL,44,177,7,22,22,3,11.30%,26.60%,0.199,0.319,0.253,0.344,0.451,0.344,101,-0.3,-0.2,-2.8,0.3
405,Joey Wendle,,70,287,4,29,27,6,4.60%,19.90%,0.118,0.298,0.247,0.29,0.365,0.285,77,-0.3,-8.2,1.5,0.3
406,Charlie Blackmon,COL,130,594,14,78,59,6,7.70%,16.60%,0.152,0.314,0.276,0.343,0.428,0.335,95,-1.7,-5.6,-11.7,0.3
407,Jace Peterson,ARI,73,293,5,31,28,8,10.70%,24.00%,0.123,0.296,0.232,0.32,0.355,0.299,85,0.4,-5,-2,0.3
408,Richie Palacios,STL,32,130,3,15,14,2,10.90%,17.10%,0.132,0.29,0.251,0.34,0.383,0.32,102,-0.2,0.1,-1.6,0.3
409,Jorge Mateo,BAL,29,113,3,13,12,8,5.80%,25.50%,0.142,0.295,0.234,0.284,0.376,0.286,82,0.6,-1.9,0.9,0.3
410,Rougned Odor,,49,195,6,21,22,2,7.60%,24.20%,0.167,0.27,0.226,0.297,0.393,0.3,88,0,-2.9,-0.8,0.3
411,Jace Jung,DET,31,125,3,13,13,1,9.50%,26.30%,0.148,0.292,0.229,0.309,0.377,0.3,89,-0.2,-1.9,0.5,0.3
412,Joey Ortiz,BAL,18,70,1,8,8,1,6.50%,19.20%,0.136,0.314,0.266,0.318,0.402,0.312,100,-0.1,-0.1,0.5,0.3
413,C.J. Cron,,120,516,22,61,70,1,8.20%,26.20%,0.191,0.282,0.236,0.307,0.427,0.315,98,-2.2,-3.3,-11.4,0.3
414,Alex Call,WSN,39,158,4,18,16,4,12.00%,19.00%,0.149,0.269,0.234,0.337,0.383,0.318,98,-0.2,-0.5,-2.1,0.3
415,Jonathan Aranda,TBR,21,87,2,10,10,0,10.50%,24.60%,0.156,0.324,0.256,0.345,0.413,0.331,115,-0.2,1.4,-1.6,0.3
416,Blake Sabol,SFG,42,169,5,17,18,2,7.90%,31.00%,0.149,0.312,0.229,0.297,0.378,0.295,87,-0.2,-3,-0.2,0.3
417,Paul DeJong,,53,213,7,22,24,3,7.40%,29.20%,0.16,0.262,0.208,0.276,0.367,0.281,75,-0.4,-7,2.4,0.3
418,Nick Maton,DET,36,148,3,16,14,1,11.80%,25.10%,0.138,0.285,0.222,0.322,0.361,0.304,91,-0.2,-1.8,-0.6,0.3
419,Andy Pages,LAD,24,99,4,12,12,1,9.50%,27.50%,0.182,0.278,0.224,0.309,0.406,0.31,95,-0.1,-0.7,0,0.3
420,Tyrone Taylor,MIL,125,504,20,58,64,10,5.80%,23.80%,0.191,0.28,0.24,0.295,0.431,0.312,94,0.3,-3.6,-11,0.3
421,Curtis Mead,TBR,15,60,2,7,7,0,8.90%,21.00%,0.157,0.295,0.248,0.323,0.405,0.317,105,-0.1,0.3,0.3,0.3
422,Osleivis Basabe,TBR,18,72,1,7,7,1,6.30%,17.80%,0.11,0.313,0.262,0.314,0.373,0.3,94,-0.1,-0.6,0.7,0.3
423,Blake Hunt,SEA,33,134,3,13,13,1,6.40%,26.00%,0.131,0.265,0.21,0.27,0.341,0.268,71,-0.2,-4.8,2.8,0.3
424,Tyler Nevin,DET,26,105,3,11,12,1,9.30%,21.50%,0.151,0.291,0.245,0.324,0.396,0.316,99,-0.2,-0.3,-0.8,0.3
425,Jacob Young,WSN,50,195,2,21,17,8,6.90%,17.90%,0.1,0.304,0.255,0.314,0.355,0.296,83,0.4,-3.8,-0.4,0.2
426,Ceddanne Rafaela,BOS,24,106,3,13,12,4,4.50%,22.60%,0.162,0.304,0.254,0.295,0.416,0.305,86,0,-1.7,0.6,0.2
427,Jonathan Schoop,,53,220,6,23,24,1,5.70%,21.60%,0.141,0.292,0.246,0.295,0.387,0.296,85,-0.2,-4.3,-0.8,0.2
428,Seby Zavala,ARI,23,88,2,8,8,1,8.40%,35.30%,0.129,0.295,0.2,0.274,0.329,0.267,64,-0.3,-4.2,1.2,0.2
429,Jo Adell,LAA,104,425,19,49,55,7,7.00%,32.50%,0.202,0.29,0.223,0.286,0.425,0.304,90,-0.4,-5.5,-6.5,0.2
430,Josh Harrison,,58,230,4,23,23,2,5.10%,18.00%,0.113,0.293,0.25,0.305,0.363,0.294,84,-0.8,-5.4,-0.1,0.2
431,Justyn-Henry Malloy,DET,21,85,2,10,9,0,13.40%,26.50%,0.15,0.313,0.24,0.349,0.39,0.327,107,-0.2,0.6,-1.2,0.2
432,Stone Garrett,WSN,83,339,14,37,41,5,6.90%,28.90%,0.188,0.297,0.236,0.294,0.424,0.308,91,-0.3,-4,-5.3,0.2
433,C�sar Salazar,HOU,45,179,4,19,17,2,7.30%,23.40%,0.121,0.252,0.205,0.28,0.326,0.269,69,-0.3,-7,3.4,0.2
434,Ben Gamel,SDP,40,171,4,19,18,2,10.90%,25.60%,0.141,0.306,0.238,0.326,0.378,0.311,95,-0.4,-1.4,-2.2,0.2
435,Jakob Marsee,SDP,23,92,2,11,9,3,11.70%,23.00%,0.126,0.288,0.232,0.33,0.357,0.306,96,-0.1,-0.6,-0.4,0.2
436,Robbie Grossman,,99,411,10,46,41,4,12.30%,25.50%,0.141,0.29,0.226,0.328,0.367,0.309,94,-0.9,-3.8,-8,0.2
437,Alec Burleson,STL,19,81,3,10,10,1,6.80%,15.60%,0.17,0.293,0.272,0.325,0.442,0.331,109,-0.3,0.7,-1.3,0.2
438,Nick Gordon,MIN,44,177,4,19,19,3,5.00%,21.80%,0.142,0.305,0.251,0.297,0.393,0.299,89,-0.1,-2.4,-1.5,0.2
439,Ezequiel Duran,TEX,60,231,7,28,28,5,5.80%,25.00%,0.17,0.316,0.257,0.306,0.427,0.315,97,-0.7,-1.6,-4.1,0.2
440,Sam Haggerty,SEA,26,103,2,11,10,5,8.80%,23.30%,0.129,0.301,0.239,0.315,0.368,0.301,94,0.3,-0.5,-1,0.2
441,Jos� Ferm�n,STL,18,71,1,8,7,1,9.80%,13.80%,0.125,0.268,0.246,0.331,0.371,0.311,96,-0.2,-0.5,0,0.2
442,Otto Lopez,TOR,24,101,1,11,9,2,7.40%,17.70%,0.096,0.305,0.254,0.316,0.35,0.294,86,-0.1,-1.8,0.3,0.2
443,Michael Stefanic,LAA,13,52,1,6,5,1,10.50%,13.30%,0.096,0.304,0.27,0.357,0.366,0.323,103,-0.1,0.1,0,0.2
444,Tyler Gentry,KCR,29,118,3,13,12,1,10.20%,24.50%,0.142,0.309,0.244,0.331,0.386,0.317,96,-0.2,-0.7,-1.5,0.2
445,Connor Norby,BAL,13,53,1,6,6,1,7.40%,22.20%,0.149,0.302,0.252,0.313,0.401,0.31,98,-0.1,-0.2,0.2,0.2
446,Colton Cowser,BAL,16,65,2,7,7,1,12.30%,28.40%,0.143,0.319,0.235,0.34,0.379,0.318,104,-0.1,0.2,-0.6,0.2
447,Jos� Rodr�guez,CHW,58,237,7,24,25,8,4.40%,19.80%,0.138,0.273,0.238,0.275,0.377,0.281,75,-0.1,-7.2,1,0.2
448,Eguy Rosario,SDP,18,72,2,8,8,2,8.10%,23.40%,0.149,0.29,0.237,0.305,0.385,0.301,92,-0.1,-0.8,0.1,0.2
449,Jorbit Vivas,LAD,19,79,1,9,8,1,8.60%,15.40%,0.113,0.271,0.24,0.321,0.352,0.3,89,-0.1,-1.2,0.3,0.2
450,Kyle Lewis,ARI,58,245,8,29,28,1,9.80%,27.50%,0.164,0.307,0.241,0.32,0.404,0.317,97,-0.5,-1.4,-5.2,0.2
