#,Name,Team,W,L,SV,G,GS,IP,K/9,BB/9,HR/9,BABIP,LOB%,GB%,ERA,FIP,WAR
1,Spencer Strider,ATL,15,7,0,31,31,185,12.52,3.02,1.03,0.29,76.10%,37.10%,3.18,3.09,4.9
2,Zack Wheeler,PHI,13,10,0,32,32,197,9.15,2.16,1.09,0.291,73.70%,43.80%,3.53,3.66,4.8
3,Kevin Gausman,TOR,13,9,0,32,32,193,10.36,2.41,1.14,0.29,74.70%,40.80%,3.49,3.49,4.4
4,Aaron Nola,,13,10,0,32,32,198,9.4,1.97,1.2,0.296,73.20%,42.50%,3.71,3.66,4.2
5,Framber Valdez,HOU,14,8,0,31,31,195,9.1,2.92,0.77,0.311,73.50%,57.00%,3.39,3.47,4.1
6,Logan Webb,SFG,12,11,0,32,32,201,8.12,1.97,0.79,0.313,71.70%,56.20%,3.54,3.37,4.1
7,Pablo López,MIN,13,10,0,32,32,193,10.01,2.48,1.04,0.298,73.80%,44.00%,3.52,3.5,4.1
8,Tyler Glasnow,TBR,12,8,0,29,29,173,11.38,2.84,0.95,0.294,74.70%,45.30%,3.24,3.13,4.1
9,Tarik Skubal,DET,11,9,0,29,29,171,10.41,2.44,1.03,0.297,75.10%,43.10%,3.33,3.35,4
10,Corbin Burnes,MIL,12,11,0,32,32,197,10.01,2.84,1.12,0.295,73.60%,44.70%,3.7,3.74,3.8
11,Zac Gallen,ARI,12,11,0,32,32,196,9.31,2.47,1.1,0.301,72.60%,42.70%,3.8,3.72,3.6
12,Gerrit Cole,NYY,13,10,0,32,32,200,10.17,2.38,1.31,0.287,74.50%,39.90%,3.72,3.78,3.6
13,Max Fried,ATL,14,8,0,31,31,185,8.62,2.27,0.98,0.307,73.80%,49.80%,3.56,3.62,3.5
14,George Kirby,SEA,12,11,0,32,32,191,8.62,1.56,1.18,0.291,73.00%,43.00%,3.62,3.69,3.5
15,Freddy Peralta,MIL,11,10,0,31,31,175,10.79,3.12,1.21,0.285,74.70%,38.10%,3.67,3.78,3.5
16,Luis Castillo,SEA,12,11,0,32,32,195,9.49,2.75,1.12,0.29,74.30%,43.50%,3.62,3.79,3.4
17,Zach Eflin,TBR,12,9,0,31,31,184,8.71,1.72,1.14,0.295,73.10%,45.10%,3.61,3.64,3.4
18,Justin Steele,CHC,12,10,0,31,31,181,8.67,2.74,1,0.302,73.30%,48.40%,3.69,3.81,3.4
19,Jesús Luzardo,MIA,11,10,0,31,31,181,10.24,3.12,1.15,0.295,74.30%,40.40%,3.74,3.81,3.3
20,Kodai Senga,NYM,12,10,0,31,31,187,10.41,3.8,1.08,0.295,74.30%,43.10%,3.78,3.87,3.3
21,Blake Snell,,11,9,0,31,31,171,11.31,4.16,1.05,0.293,75.20%,41.20%,3.65,3.73,3.2
22,Sonny Gray,,12,10,0,32,32,179,8.91,2.93,1.02,0.3,72.60%,46.30%,3.83,3.86,3.2
23,Max Scherzer,TEX,11,9,0,29,29,174,10.13,2.35,1.47,0.286,73.60%,32.90%,4.02,4.05,3.1
24,Carlos Rodón,NYY,11,9,0,29,29,166,10.76,2.84,1.3,0.282,74.30%,33.40%,3.77,3.81,3.1
25,Jordan Montgomery,,12,11,0,32,32,185,8.2,2.45,1.14,0.298,72.50%,44.60%,3.93,4.01,3.1
26,Shane Bieber,CLE,11,11,0,31,31,193,8.44,2.47,1.16,0.299,72.60%,47.00%,3.94,3.98,3
27,Hunter Greene,CIN,10,10,0,29,29,168,11.06,3.55,1.47,0.291,73.40%,35.30%,4.26,4.27,2.9
28,Eduardo Rodriguez,DET,11,10,0,31,31,174,8.68,2.92,1.17,0.296,73.20%,42.80%,3.97,4.08,2.8
29,Joe Musgrove,SDP,12,9,0,29,29,177,8.84,2.42,1.19,0.292,72.70%,43.10%,3.86,4.02,2.8
30,Bobby Miller,LAD,11,9,0,28,28,167,8.93,2.71,1.19,0.297,72.20%,45.90%,4,4.03,2.8
31,Mason Miller,OAK,8,8,0,42,21,137,11.19,3.37,1.06,0.286,75.30%,36.00%,3.44,3.55,2.8
32,Logan Gilbert,SEA,11,11,0,32,32,187,8.91,2.14,1.3,0.288,73.30%,38.70%,3.87,3.97,2.8
33,Mitch Keller,PIT,11,11,0,32,32,190,8.46,3.11,1.09,0.302,71.00%,45.20%,4.18,4.15,2.7
34,Grayson Rodriguez,BAL,11,9,0,29,29,166,9.83,3.11,1.1,0.289,74.60%,44.20%,3.6,3.8,2.7
35,Dylan Cease,CHW,10,11,0,31,31,178,10.15,3.86,1.3,0.287,73.80%,37.90%,4.13,4.3,2.7
36,Yu Darvish,SDP,11,10,0,29,29,175,9.03,2.51,1.37,0.289,71.80%,38.60%,4.16,4.22,2.7
37,Chris Sale,BOS,9,8,0,26,26,144,9.97,2.78,1.23,0.298,72.60%,40.20%,3.96,3.91,2.7
38,Nick Lodolo,CIN,9,8,0,24,24,135,10.4,3.15,1.21,0.302,73.60%,44.60%,3.88,3.98,2.7
39,Cole Ragans,KCR,11,10,0,29,29,177,9.43,3.81,1.06,0.296,73.60%,41.90%,3.92,4.07,2.6
40,Joe Ryan,MIN,11,10,0,31,31,179,9.94,2.4,1.44,0.286,73.10%,31.20%,4.05,4.06,2.6
41,Julio Urías,LAD,11,10,0,31,31,175,8.46,2.36,1.32,0.291,72.80%,37.20%,4.05,4.18,2.6
42,Braxton Garrett,MIA,10,10,0,29,29,164,8.35,2.5,1.07,0.305,71.70%,47.40%,3.96,3.94,2.6
43,Justin Verlander,HOU,11,9,0,29,29,178,8.48,2.38,1.41,0.288,72.10%,36.20%,4.22,4.32,2.6
44,Marcus Stroman,,11,11,0,32,32,184,7.49,2.98,1,0.306,71.50%,51.60%,4.11,4.14,2.6
45,Kyle Bradish,BAL,11,10,0,31,31,181,8.83,2.84,1.12,0.297,73.00%,46.30%,3.86,3.98,2.5
46,Reid Detmers,LAA,11,11,0,31,31,177,9.69,3.44,1.33,0.291,72.80%,37.50%,4.22,4.34,2.5
47,Ranger Suárez,PHI,10,10,0,29,29,167,7.87,3.37,1.05,0.3,72.80%,49.60%,4.03,4.26,2.5
48,Hunter Brown,HOU,11,8,0,36,26,153,9.49,3.37,0.97,0.304,73.00%,50.50%,3.77,3.8,2.5
49,Merrill Kelly,ARI,11,11,0,31,31,185,8.58,3.17,1.15,0.299,72.30%,42.70%,4.14,4.17,2.5
50,Andrew Abbott,CIN,9,10,0,28,28,156,9.85,3.56,1.5,0.293,73.60%,36.00%,4.4,4.54,2.5
51,Brayan Bello,BOS,10,10,0,29,29,169,7.77,3.05,1,0.314,70.50%,52.00%,4.27,4.11,2.5
52,Chris Bassitt,TOR,12,11,0,32,32,194,8.01,2.76,1.27,0.293,71.60%,43.00%,4.24,4.39,2.4
53,Lance Lynn,,10,11,0,31,31,176,8.54,2.79,1.37,0.293,71.70%,38.80%,4.35,4.41,2.3
54,Lucas Giolito,,10,10,0,29,29,164,9.35,3.31,1.38,0.29,72.60%,37.50%,4.31,4.39,2.3
55,Nathan Eovaldi,TEX,11,10,0,29,29,174,8.24,2.5,1.29,0.299,72.10%,44.50%,4.19,4.24,2.3
56,José Berríos,TOR,11,10,0,31,31,179,8.46,2.5,1.32,0.293,72.30%,41.60%,4.14,4.27,2.3
57,James Paxton,,9,8,0,26,26,142,9.33,3.13,1.25,0.292,73.40%,39.90%,4.01,4.15,2.3
58,Steven Matz,STL,10,8,0,26,26,147,8.37,2.72,1.19,0.294,72.50%,44.20%,3.99,4.13,2.3
59,Trevor Bauer,,9,8,0,24,24,140,9.86,2.82,1.35,0.289,73.20%,35.20%,4.05,4.08,2.2
60,Patrick Sandoval,LAA,10,10,0,29,29,166,8.36,3.85,1.11,0.3,73.00%,47.10%,4.15,4.39,2.2
61,Yusei Kikuchi,TOR,10,9,0,29,29,156,9.39,3.26,1.3,0.291,73.70%,43.10%,4.03,4.26,2.2
62,Charlie Morton,ATL,11,9,0,29,29,165,9.72,3.68,1.14,0.302,72.20%,43.30%,4.16,4.17,2.2
63,Walker Buehler,LAD,9,9,0,26,26,157,8.48,2.7,1.37,0.296,71.90%,41.30%,4.32,4.36,2.2
64,Seth Lugo,,9,10,0,28,28,156,8.23,2.73,1.25,0.3,71.80%,44.20%,4.23,4.25,2.2
65,Nick Pivetta,BOS,10,10,0,29,29,170,9.81,3.52,1.35,0.3,71.50%,37.70%,4.46,4.32,2.1
66,Griffin Canning,LAA,9,9,0,26,26,144,9.26,2.93,1.37,0.295,73.20%,39.90%,4.18,4.28,2.1
67,Brady Singer,KCR,10,11,0,29,29,169,7.42,2.72,1.1,0.309,70.30%,47.90%,4.36,4.27,2.1
68,Jon Gray,TEX,10,10,0,29,29,163,8.75,3.03,1.32,0.298,71.80%,42.10%,4.32,4.37,2.1
69,Kyle Gibson,,10,11,0,31,31,176,7.39,2.87,1.19,0.303,71.40%,47.80%,4.34,4.43,2.1
70,Miles Mikolas,STL,11,11,0,32,32,194,6.45,2.02,1.39,0.297,70.20%,41.80%,4.54,4.63,2.1
71,MacKenzie Gore,WSN,8,9,0,26,26,143,9.46,3.82,1.27,0.292,73.70%,40.20%,4.16,4.37,2.1
72,Graham Ashcraft,CIN,9,11,0,29,29,171,6.99,3.19,1.31,0.309,69.90%,50.20%,4.81,4.82,2.1
73,Cristopher Sánchez,PHI,9,8,0,34,24,145,7.65,3.21,1.05,0.301,72.40%,51.70%,4.05,4.28,2
74,Kenta Maeda,,8,8,0,24,24,132,9.19,2.58,1.36,0.291,72.30%,37.70%,4.15,4.16,2
75,Bailey Ober,MIN,9,9,0,28,28,155,8.77,2.19,1.46,0.29,72.10%,34.00%,4.26,4.26,2
76,Sean Manaea,,9,9,0,28,28,151,8.81,3.05,1.33,0.294,72.60%,40.50%,4.24,4.36,2
77,Reese Olson,DET,9,10,0,28,28,159,8.54,3.35,1.16,0.298,71.90%,42.80%,4.22,4.26,2
78,Eury Pérez,MIA,8,8,0,23,23,123,10.04,3.1,1.32,0.287,72.80%,34.50%,4.08,4.08,2
79,Aaron Civale,TBR,10,9,0,28,28,154,8.62,2.49,1.29,0.293,71.90%,41.00%,4.14,4.18,2
80,Nestor Cortes,NYY,9,9,0,26,26,145,9.34,2.79,1.53,0.28,73.90%,31.80%,4.21,4.43,1.9
81,Trevor Rogers,MIA,8,8,0,24,24,134,9.01,3.2,1.15,0.298,72.40%,41.10%,4.07,4.12,1.9
82,Chris Paddack,MIN,8,9,0,40,23,143,7.97,2.23,1.35,0.298,71.10%,40.10%,4.33,4.28,1.9
83,Michael King,NYY,9,8,0,44,23,144,9.41,3.22,1.18,0.291,73.80%,43.60%,3.89,4.08,1.9
84,Shane Baz,TBR,8,6,0,25,19,115,9.85,2.71,1.15,0.29,73.50%,42.20%,3.69,3.77,1.9
85,Hyun Jin Ryu,,8,9,0,26,26,141,6.58,2.34,1.25,0.3,71.20%,45.90%,4.35,4.47,1.8
86,Clayton Kershaw,,6,5,0,16,16,91,9.02,2.49,1.1,0.296,74.10%,45.90%,3.64,3.76,1.8
87,Jameson Taillon,CHC,9,11,0,29,29,164,7.73,2.43,1.48,0.295,70.50%,38.10%,4.6,4.59,1.8
88,Frankie Montas,,8,8,0,23,23,128,8.58,2.86,1.2,0.297,72.40%,43.90%,4.07,4.16,1.8
89,Tanner Houck,BOS,8,8,0,33,23,132,8.32,3.27,1.03,0.311,70.60%,49.30%,4.27,4.15,1.7
90,Tanner Bibee,CLE,9,9,0,26,26,151,8.66,2.91,1.37,0.287,72.40%,38.00%,4.23,4.39,1.7
91,Edward Cabrera,MIA,8,8,0,24,24,128,9.86,4.52,1.04,0.298,72.70%,45.10%,4.13,4.23,1.7
92,José Quintana,NYM,10,10,0,29,29,168,7.63,3.17,1.18,0.298,72.30%,43.80%,4.27,4.42,1.7
93,Taijuan Walker,PHI,10,11,0,31,31,177,7.04,3.3,1.41,0.294,70.90%,42.60%,4.74,4.96,1.7
94,Brandon Pfaadt,ARI,9,9,0,26,26,146,8.19,2.42,1.42,0.291,71.00%,36.60%,4.38,4.43,1.7
95,Triston McKenzie,CLE,9,10,0,26,26,153,9.04,3.29,1.52,0.283,72.50%,33.60%,4.47,4.64,1.6
96,Michael Wacha,,9,10,0,28,28,153,7.9,2.67,1.48,0.294,71.30%,39.20%,4.56,4.63,1.6
97,Dane Dunning,TEX,9,10,0,28,28,152,7.67,3.22,1.23,0.304,70.90%,47.50%,4.52,4.56,1.6
98,Sawyer Gipson-Long,DET,8,10,0,26,26,151,7.82,2.71,1.24,0.298,70.70%,42.30%,4.36,4.34,1.6
99,Kutter Crawford,BOS,8,9,0,26,26,137,8.47,2.91,1.49,0.296,70.40%,34.90%,4.71,4.61,1.6
100,JP Sears,OAK,9,11,0,29,29,170,8.25,2.87,1.42,0.284,72.30%,34.20%,4.32,4.59,1.6
101,Emmet Sheehan,LAD,9,8,0,42,23,144,10.1,3.86,1.44,0.285,73.30%,35.50%,4.35,4.52,1.6
102,Jack Flaherty,,9,10,0,28,28,150,8.76,3.6,1.26,0.297,71.90%,42.60%,4.39,4.5,1.6
103,Alex Cobb,SFG,6,5,0,16,16,89,8.13,2.46,0.85,0.313,72.00%,55.30%,3.7,3.6,1.5
104,Andrew Heaney,TEX,8,8,0,35,23,132,9.52,3.13,1.42,0.29,73.00%,37.30%,4.26,4.4,1.5
105,Clarke Schmidt,NYY,9,10,0,28,28,150,7.86,2.98,1.35,0.293,71.80%,43.50%,4.38,4.6,1.5
106,Johan Oviedo,PIT,9,12,0,31,31,176,7.67,4.07,1.15,0.3,70.30%,44.40%,4.68,4.75,1.5
107,Luis Severino,,8,8,0,24,24,132,8.28,3.04,1.35,0.296,71.60%,41.70%,4.42,4.51,1.5
108,David Peterson,NYM,7,6,0,37,18,113,9.36,3.68,0.98,0.3,75.10%,50.10%,3.63,3.95,1.5
109,Chase Silseth,LAA,8,8,0,38,21,131,8.74,3.69,1.19,0.3,72.30%,47.10%,4.26,4.39,1.5
110,Colin Rea,MIL,8,9,0,24,24,134,7.81,2.66,1.45,0.293,70.70%,42.20%,4.57,4.62,1.4
111,Kyle Hendricks,CHC,8,11,0,28,28,158,6.34,2.28,1.43,0.298,69.60%,42.50%,4.76,4.8,1.4
112,Cristian Javier,HOU,10,10,0,29,29,162,9.54,3.53,1.61,0.282,71.80%,27.40%,4.68,4.77,1.4
113,Paul Blackburn,OAK,8,11,0,28,28,156,7.29,2.99,1.18,0.297,70.90%,45.90%,4.37,4.46,1.4
114,Jordan Wicks,CHC,8,9,0,26,26,145,7.51,3.12,1.28,0.295,71.90%,43.90%,4.39,4.59,1.4
115,Max Meyer,MIA,6,7,0,19,19,110,8.06,3.33,1.14,0.302,71.10%,46.20%,4.34,4.34,1.4
116,Mike Clevinger,,8,10,0,26,26,144,7.84,2.91,1.53,0.29,70.10%,34.50%,4.81,4.85,1.4
117,Kyle Harrison,SFG,7,8,0,23,23,127,10.01,4.09,1.2,0.292,73.30%,37.90%,4.15,4.31,1.4
118,Logan Allen,CLE,8,8,0,24,24,134,8.35,3.38,1.29,0.291,73.30%,41.80%,4.2,4.49,1.4
119,Louie Varland,MIN,8,8,0,51,18,134,8.54,2.65,1.23,0.298,72.00%,42.50%,4.13,4.14,1.3
120,Patrick Corbin,WSN,8,12,0,29,29,166,6.5,2.89,1.44,0.301,70.20%,44.60%,4.86,4.96,1.3
121,Ryan Feltner,COL,6,10,0,24,24,133,7.76,3.84,1.53,0.311,68.60%,41.00%,5.39,5.15,1.3
122,Gavin Williams,CLE,8,8,0,24,24,135,9.22,3.63,1.3,0.287,72.60%,39.20%,4.24,4.43,1.3
123,Keaton Winn,SFG,8,8,0,56,18,138,7.82,2.76,1.03,0.303,71.20%,49.20%,4.06,4.08,1.3
124,Jhoan Duran,MIN,4,3,28,66,0,66,12.42,3.39,0.61,0.304,77.30%,52.60%,2.63,2.64,1.3
125,Taj Bradley,TBR,7,7,0,44,16,116,9.37,2.97,1.31,0.287,73.40%,39.30%,4.02,4.17,1.3
126,Edwin Díaz,NYM,4,3,35,64,0,64,13.49,3.24,0.86,0.289,77.70%,39.50%,2.8,2.73,1.3
127,Bryce Miller,SEA,8,9,0,26,26,143,8.15,2.42,1.46,0.286,72.20%,37.40%,4.31,4.5,1.3
128,Dean Kremer,BAL,10,11,0,31,31,176,7.81,2.88,1.41,0.292,71.70%,40.00%,4.47,4.63,1.3
129,Wade Miley,,8,9,0,26,26,142,6.44,3.07,1.22,0.301,71.30%,46.20%,4.54,4.73,1.3
130,Anthony DeSclafani,SFG,7,9,0,24,24,136,7.23,2.29,1.32,0.301,70.20%,42.20%,4.51,4.44,1.3
131,Bryce Elder,ATL,9,9,0,26,26,147,7.02,3.3,1.16,0.309,69.90%,49.80%,4.68,4.61,1.3
132,Joey Lucchesi,NYM,8,8,0,33,23,136,7.14,3.2,1.25,0.296,71.60%,43.90%,4.46,4.66,1.2
133,Daniel Lynch IV,KCR,7,9,0,23,23,124,7.01,3.15,1.32,0.301,70.00%,40.60%,4.77,4.78,1.2
134,Quinn Priester,PIT,7,8,0,39,18,120,7.21,3.67,1.03,0.305,70.60%,50.80%,4.43,4.5,1.2
135,Michael Lorenzen,,9,10,0,28,28,158,7.17,3.3,1.31,0.299,70.40%,43.00%,4.72,4.77,1.2
136,Lance McCullers Jr.,HOU,6,5,0,32,15,101,8.73,3.52,1.07,0.303,72.30%,48.70%,4.08,4.19,1.2
137,Nick Martinez,,7,8,0,43,18,123,8.02,3.41,1.15,0.302,71.40%,47.50%,4.35,4.39,1.2
138,Domingo Germán,,6,7,0,19,19,107,8.23,2.88,1.41,0.293,71.20%,40.00%,4.49,4.55,1.2
139,John Means,BAL,8,8,0,29,23,135,7.26,2.15,1.54,0.281,72.10%,34.50%,4.41,4.71,1.2
140,José Alvarado,PHI,4,3,23,74,0,74,11.84,4.32,0.78,0.296,77.50%,49.40%,3.02,3.33,1.2
141,Ross Stripling,SFG,7,9,0,24,24,135,7.16,2.16,1.35,0.301,70.40%,43.10%,4.5,4.44,1.2
142,Gavin Stone,LAD,7,7,0,30,18,111,8.45,3.38,1.31,0.295,72.30%,44.60%,4.35,4.5,1.1
143,Pete Fairbanks,TBR,4,3,30,66,0,66,12.26,3.49,0.82,0.289,76.50%,43.70%,2.96,3.01,1.1
144,Carlos Carrasco,,7,9,0,24,24,128,7.19,3.1,1.35,0.301,70.40%,45.50%,4.71,4.78,1.1
145,Josiah Gray,WSN,8,13,0,31,31,177,8.19,4.07,1.64,0.289,70.20%,35.70%,5.2,5.3,1.1
146,Tyler Anderson,LAA,9,11,0,29,29,166,7.12,3.18,1.56,0.29,70.80%,35.20%,4.92,5.12,1.1
147,Jakob Junis,,6,6,0,18,18,96,7.96,2.74,1.37,0.299,70.80%,42.60%,4.51,4.51,1.1
148,Austin Gomber,COL,7,12,0,28,28,154,6.28,3.02,1.67,0.314,68.00%,41.50%,5.64,5.39,1.1
149,Jake Irvin,WSN,6,9,0,23,23,124,7.3,3.53,1.42,0.296,69.70%,41.30%,4.95,5.03,1.1
150,Casey Mize,DET,6,8,0,21,21,117,7.28,2.68,1.3,0.301,69.60%,43.10%,4.64,4.58,1.1
151,Matthew Liberatore,STL,7,7,0,37,18,114,7.72,3.57,1.17,0.294,72.20%,43.70%,4.28,4.57,1.1
152,Michael Soroka,ATL,7,6,0,35,16,110,8.08,2.85,1.18,0.302,71.00%,46.00%,4.28,4.29,1.1
153,Kyle Freeland,COL,7,13,0,29,29,170,5.95,2.72,1.68,0.317,67.10%,41.80%,5.75,5.4,1.1
154,Ryan Pepiot,LAD,8,9,0,24,24,141,8.75,3.47,1.6,0.287,71.80%,36.30%,4.76,4.94,1.1
155,Zack Greinke,,7,8,0,21,21,113,6.29,1.84,1.45,0.299,70.40%,43.00%,4.61,4.66,1
156,Adrian Houser,MIL,8,10,0,26,26,142,6.58,3.43,1.26,0.301,70.10%,48.20%,4.78,4.87,1
157,Matt Manning,DET,8,10,0,34,24,143,6.83,3.05,1.34,0.297,69.90%,40.00%,4.77,4.81,1
158,Bryan Woo,SEA,5,5,0,44,11,95,9.71,2.94,1.25,0.283,73.60%,38.60%,3.85,4.05,1
159,Martín Pérez,,8,9,0,24,24,137,6.55,3.42,1.21,0.303,70.50%,46.20%,4.71,4.82,1
160,Zack Thompson,STL,8,8,0,31,21,131,7.93,4.33,1.16,0.295,72.50%,44.50%,4.43,4.75,1
161,Robert Gasser,MIL,7,8,0,23,23,129,8.11,3.14,1.5,0.284,72.00%,37.20%,4.55,4.85,1
162,Aroldis Chapman,,3,2,0,60,0,60,13.75,4.89,0.79,0.287,79.10%,41.70%,2.84,3.09,1
163,Alex Wood,,7,9,0,24,24,128,7.25,3.26,1.27,0.301,70.60%,44.60%,4.63,4.77,1
164,Ryan Helsley,STL,4,3,30,65,0,65,11.81,3.83,0.94,0.286,76.80%,37.60%,3.21,3.38,1
165,Connor Phillips,CIN,5,6,0,30,13,89,9.67,4.57,1.41,0.296,72.30%,40.60%,4.68,4.81,1
166,Matt Waldron,SDP,8,9,0,30,24,147,6.58,3.01,1.5,0.29,69.80%,41.00%,4.9,5.11,1
167,Aaron Ashby,MIL,4,3,0,51,3,66,10.56,3.86,0.83,0.301,75.60%,51.50%,3.32,3.53,1
168,Tylor Megill,NYM,8,9,0,26,26,142,7.78,3.29,1.38,0.299,71.00%,42.80%,4.66,4.74,0.9
169,Angel Zerpa,KCR,6,6,0,36,15,102,7.12,3.15,1.13,0.302,71.20%,45.60%,4.36,4.49,0.9
170,Tanner Scott,MIA,4,3,28,66,0,66,11.81,4.06,0.73,0.301,76.80%,48.60%,3.02,3.2,0.9
171,Andrés Muñoz,SEA,4,3,25,64,0,64,11.89,3.39,0.78,0.292,77.00%,47.20%,2.87,3.01,0.9
172,Devin Williams,MIL,4,3,29,66,0,66,12.27,4.14,0.84,0.289,77.00%,44.60%,3.08,3.25,0.9
173,Ken Waldichuk,OAK,7,10,0,26,26,141,8.21,4.04,1.27,0.288,72.30%,39.50%,4.45,4.78,0.9
174,Javier Assad,CHC,7,9,0,37,21,133,7.18,3.55,1.31,0.297,70.60%,44.00%,4.73,4.88,0.9
175,DL Hall,BAL,4,3,3,63,0,63,11.57,3.72,0.92,0.288,77.40%,43.10%,3.11,3.38,0.9
176,Josh Fleming,PHI,7,7,0,37,18,118,5.01,3.06,1.07,0.308,70.70%,55.50%,4.57,4.81,0.9
177,Trevor Megill,MIL,3,3,1,63,0,63,11.49,3.52,1.04,0.29,75.40%,40.00%,3.44,3.5,0.9
178,Alek Manoah,TOR,7,8,0,23,23,126,8.2,3.72,1.4,0.289,70.50%,38.40%,4.75,4.92,0.9
179,Emmanuel Clase,CLE,4,3,33,66,0,66,9.26,2.52,0.77,0.304,74.40%,54.10%,3.17,3.24,0.9
180,David Bednar,PIT,4,3,33,68,0,68,10.45,3.16,1.04,0.292,74.30%,38.00%,3.59,3.6,0.9
181,Josh Hader,,3,3,0,62,0,62,12.56,3.98,1.08,0.281,77.10%,33.70%,3.33,3.49,0.9
182,Kyle Hurt,LAD,5,4,0,41,8,79,10.27,4.2,1.11,0.296,73.90%,44.40%,3.97,4.13,0.8
183,A.J. Minter,ATL,4,3,2,64,0,64,11.04,3.06,1.04,0.294,75.60%,38.50%,3.41,3.44,0.8
184,Jared Jones,PIT,6,8,0,19,19,111,7.67,3.64,1.32,0.294,70.10%,40.80%,4.76,4.84,0.8
185,Pedro Avila,SDP,8,9,0,34,24,144,7.46,4.06,1.21,0.295,71.00%,46.00%,4.62,4.86,0.8
186,Bryan Abreu,HOU,4,3,3,67,0,67,11.91,3.98,0.9,0.292,75.90%,42.20%,3.27,3.37,0.8
187,Vince Velasquez,PIT,7,8,0,23,23,121,8.2,3.56,1.58,0.289,71.20%,34.80%,4.89,5.03,0.8
188,Brandon Williamson,CIN,7,10,0,26,26,142,7.51,3.84,1.73,0.295,70.70%,37.20%,5.32,5.5,0.8
189,Matt Strahm,PHI,4,3,2,68,0,68,10.59,2.77,1.21,0.286,75.70%,36.40%,3.53,3.72,0.8
190,Jordan Lyles,KCR,8,12,0,28,28,159,6.29,2.75,1.63,0.298,68.20%,36.40%,5.35,5.26,0.8
191,Joe Boyle,OAK,7,9,0,36,19,127,9.86,5.69,1.04,0.289,73.30%,41.80%,4.29,4.61,0.8
192,Aaron Bummer,CHW,3,3,4,63,0,63,10.16,4.28,0.7,0.302,75.80%,56.00%,3.23,3.59,0.8
193,Joe Kelly,,3,2,0,52,0,52,11.36,3.94,0.7,0.303,76.20%,51.70%,3.05,3.2,0.8
194,A.J. Puk,MIA,3,3,2,63,0,63,10.22,3.05,1.01,0.295,74.40%,42.70%,3.52,3.61,0.8
195,Caleb Ferguson,LAD,3,3,1,63,0,63,10.5,3.55,1.02,0.295,75.50%,44.70%,3.5,3.74,0.8
196,Matt Brash,SEA,3,3,7,63,0,63,11.72,3.85,0.82,0.289,77.20%,45.00%,3.01,3.25,0.8
197,Hunter Harvey,WSN,3,3,13,64,0,64,9.94,2.95,1.07,0.295,73.60%,41.30%,3.68,3.69,0.8
198,Ryan Pressly,HOU,4,3,30,64,0,64,10.13,2.74,0.94,0.301,74.50%,47.70%,3.39,3.38,0.8
199,Jordan Hicks,,4,3,0,66,0,66,10.73,4.24,0.73,0.304,75.40%,51.60%,3.27,3.49,0.7
200,Spencer Turnbull,DET,4,5,0,46,8,83,7.84,3.05,1.01,0.304,70.70%,46.40%,4.18,4.14,0.7
201,Bailey Falter,PIT,5,7,0,46,13,102,7.09,2.49,1.47,0.292,71.00%,37.30%,4.63,4.75,0.7
202,Garrett Whitlock,BOS,4,3,1,68,0,68,9.38,2.05,1.13,0.303,72.90%,42.80%,3.73,3.6,0.7
203,Tommy Henry,ARI,7,8,0,27,21,124,6.93,3.66,1.33,0.297,70.40%,40.40%,4.84,4.98,0.7
204,Brock Stewart,MIN,3,3,2,63,0,63,11.37,3.39,1.02,0.293,75.40%,38.10%,3.44,3.47,0.7
205,Michael McGreevy,STL,4,5,0,13,13,74,5.44,2.45,1.17,0.303,69.90%,50.80%,4.53,4.66,0.7
206,Michael Grove,LAD,5,4,0,43,8,78,9.16,2.88,1.41,0.293,72.70%,39.10%,4.25,4.32,0.7
207,Ricky Tiedemann,TOR,3,3,0,10,10,55,9.28,3.81,1.17,0.292,73.60%,43.90%,4.04,4.31,0.7
208,Adbert Alzolay,CHC,3,3,32,67,0,67,9.85,2.57,1.12,0.295,74.00%,42.10%,3.62,3.68,0.7
209,Camilo Doval,SFG,3,3,35,66,0,66,10.81,3.72,0.78,0.302,74.70%,48.70%,3.32,3.38,0.7
210,Huascar Ynoa,ATL,4,3,0,30,6,60,9.52,3.22,1.12,0.304,72.40%,45.10%,4.03,3.96,0.7
211,Julian Merryweather,CHC,3,3,5,64,0,64,10.93,3.68,1,0.295,75.20%,42.10%,3.52,3.62,0.7
212,Touki Toussaint,CHW,7,10,0,24,24,133,8.25,5.17,1.26,0.298,71.20%,47.00%,4.91,5.18,0.7
213,Cole Irvin,BAL,7,7,0,37,18,119,6.85,2.15,1.4,0.291,71.50%,39.80%,4.39,4.63,0.7
214,Ryan Yarbrough,LAD,7,8,0,42,18,122,6.86,2.21,1.63,0.29,70.50%,38.40%,4.8,5.02,0.7
215,Luis Medina,OAK,6,9,0,23,23,123,8.04,4.74,1.11,0.295,71.30%,44.90%,4.58,4.82,0.7
216,Clay Holmes,NYY,4,3,31,66,0,66,9.38,3.33,0.7,0.303,74.70%,57.10%,3.24,3.46,0.7
217,Evan Phillips,LAD,4,3,30,66,0,66,10.34,2.98,1.1,0.294,74.70%,42.50%,3.6,3.68,0.7
218,Peter Lambert,COL,6,10,0,33,23,136,7.05,3.47,1.67,0.313,68.20%,41.30%,5.64,5.41,0.7
219,JoJo Romero,STL,4,3,5,64,0,64,9.73,3.47,0.88,0.296,76.00%,48.70%,3.31,3.65,0.7
220,Chris Martin,BOS,3,3,2,66,0,66,8.86,2.14,1.02,0.308,72.30%,47.30%,3.73,3.58,0.7
221,Caleb Thielbar,MIN,3,3,1,62,0,62,10.6,3.06,1.15,0.287,75.20%,34.40%,3.6,3.69,0.7
222,Raisel Iglesias,ATL,4,3,33,66,0,66,10.51,2.63,1.15,0.295,74.80%,39.00%,3.58,3.56,0.7
223,Pierce Johnson,ATL,4,3,1,63,0,63,11.55,3.67,1.05,0.297,75.80%,39.40%,3.52,3.53,0.7
224,Cade Povich,BAL,5,5,0,15,15,83,8.15,3.69,1.26,0.287,73.00%,41.70%,4.27,4.63,0.7
225,Gregory Soto,PHI,4,3,4,70,0,70,10.37,4.14,0.97,0.294,75.20%,44.50%,3.6,3.88,0.6
226,Jeff Hoffman,PHI,4,3,4,73,0,73,10.61,3.87,1.22,0.286,75.00%,36.00%,3.86,4.08,0.6
227,Josh Sborz,TEX,3,3,4,64,0,64,10.63,3.6,1.13,0.292,74.80%,40.90%,3.74,3.83,0.6
228,Hayden Wesneski,CHC,4,5,0,31,11,82,8.09,3.16,1.35,0.295,71.60%,41.60%,4.45,4.59,0.6
229,Drew Rasmussen,TBR,3,2,0,24,5,46,9.25,2.39,1,0.297,73.50%,46.30%,3.52,3.55,0.6
230,Jordan Romano,TOR,3,3,32,66,0,66,10.37,3.45,1.11,0.287,74.40%,40.10%,3.69,3.83,0.6
231,Rich Hill,,5,6,0,16,16,86,7.52,3.3,1.4,0.295,70.40%,39.10%,4.76,4.85,0.6
232,Anthony Veneziano,KCR,5,7,0,32,15,100,6.88,3.62,1.3,0.298,70.20%,40.60%,4.83,4.96,0.6
233,Dallas Keuchel,,5,7,0,18,18,95,5.83,3.56,1.09,0.307,70.80%,52.80%,4.66,4.83,0.6
234,Craig Kimbrel,,3,3,0,66,0,66,11.22,3.81,1.11,0.288,74.60%,36.40%,3.71,3.79,0.6
235,Corey Kluber,,6,7,0,19,19,105,6.77,2.52,1.64,0.292,69.30%,36.60%,5.06,5.12,0.6
236,Drew Rucinski,OAK,5,7,0,18,18,100,7.08,2.98,1.43,0.299,69.50%,41.90%,4.89,4.88,0.6
237,Reynaldo López,,3,3,0,63,0,63,10.26,3.32,1.1,0.291,74.50%,38.40%,3.68,3.77,0.6
238,Erick Fedde,,7,9,0,23,23,122,6.63,3.4,1.43,0.301,69.60%,44.40%,5.05,5.08,0.6
239,Alex Vesia,LAD,3,3,3,62,0,62,11.32,3.81,1.29,0.281,76.20%,32.70%,3.76,4,0.6
240,Ryne Nelson,ARI,7,9,0,24,24,133,6.46,3.07,1.5,0.294,69.60%,37.30%,5.02,5.12,0.6
241,Slade Cecconi,ARI,4,5,0,30,11,82,7.31,2.44,1.4,0.294,70.00%,38.80%,4.6,4.62,0.6
242,Sam Hentges,CLE,3,3,1,63,0,63,9.69,3.37,0.84,0.301,74.70%,51.50%,3.38,3.54,0.6
243,Brusdar Graterol,LAD,3,3,8,64,0,64,8.13,2.62,0.91,0.304,73.10%,53.20%,3.64,3.8,0.6
244,Fernando Cruz,CIN,3,3,1,58,0,58,11.13,3.79,1.28,0.292,74.50%,36.60%,3.97,4.03,0.6
245,Joan Adon,WSN,4,6,0,43,10,85,7.58,3.77,1.21,0.3,70.80%,45.70%,4.61,4.72,0.6
246,Zack Littell,TBR,8,9,0,36,24,146,7.25,2.71,1.46,0.294,70.70%,41.10%,4.67,4.78,0.6
247,Michael Kopech,CHW,7,11,0,26,26,140,8.72,4.97,1.6,0.287,70.40%,35.60%,5.28,5.43,0.6
248,Noah Syndergaard,,5,8,0,19,19,106,6.05,2.23,1.56,0.298,66.90%,40.60%,5.23,5.06,0.6
249,Sixto Sánchez,MIA,2,2,0,40,2,47,9.72,3.06,0.96,0.3,73.50%,45.30%,3.62,3.65,0.6
250,Jason Adam,TBR,3,3,3,64,0,64,10.71,3.27,1.04,0.285,74.10%,39.90%,3.54,3.67,0.6
251,Johnny Cueto,,7,9,0,23,23,128,6.3,2.53,1.61,0.295,69.70%,38.80%,5.05,5.16,0.6
252,AJ Smith-Shawver,ATL,5,5,0,30,13,89,9.13,4.16,1.41,0.294,71.40%,37.10%,4.76,4.78,0.6
253,Seranthony Domínguez,PHI,4,3,2,70,0,70,9.63,3.81,1.11,0.293,73.60%,42.80%,3.94,4.15,0.6
254,Kenley Jansen,BOS,3,3,32,64,0,64,10.68,3.71,1.22,0.288,72.60%,31.60%,4.1,4.01,0.6
255,J.P. France,HOU,8,8,0,50,18,134,7.77,3.39,1.41,0.294,71.10%,40.30%,4.67,4.78,0.6
256,Abner Uribe,MIL,3,3,0,58,0,58,11.7,4.85,0.86,0.295,76.00%,45.70%,3.43,3.65,0.6
257,Taylor Rogers,SFG,3,3,2,63,0,63,10.44,3.31,0.97,0.3,74.40%,43.50%,3.55,3.6,0.6
258,Orion Kerkering,PHI,3,3,0,64,0,64,9.98,3.54,1.09,0.291,74.40%,42.80%,3.74,3.92,0.6
259,Robert Stephenson,,3,3,0,61,0,61,10.63,3.2,1.24,0.287,74.60%,34.60%,3.79,3.85,0.6
260,Trevor Williams,WSN,6,9,0,36,19,119,6.67,2.98,1.63,0.297,69.50%,39.20%,5.19,5.25,0.6
261,Kevin Ginkel,ARI,3,3,7,64,0,64,9.75,3.52,0.94,0.301,73.50%,44.20%,3.7,3.73,0.6
262,Zach Davies,,6,8,0,21,21,110,6.93,3.53,1.44,0.298,70.40%,42.00%,5,5.07,0.6
263,Brandon Walter,BOS,3,3,0,25,6,56,6.96,2.8,1.14,0.307,70.40%,48.10%,4.43,4.44,0.5
264,Luis L. Ortiz,PIT,6,8,0,19,19,108,6.69,3.96,1.22,0.304,69.50%,46.10%,4.98,4.98,0.5
265,Kyle Finnegan,WSN,3,3,21,66,0,66,9.03,3.49,1.09,0.297,72.90%,45.10%,3.98,4.09,0.5
266,Tim Mayza,TOR,3,3,0,60,0,60,8.87,2.97,0.89,0.3,74.70%,52.50%,3.44,3.68,0.5
267,Will Vest,DET,3,3,1,63,0,63,9.41,3.26,0.92,0.302,73.50%,45.70%,3.67,3.71,0.5
268,Luke Weaver,,3,4,0,11,11,59,7.63,2.88,1.5,0.294,71.00%,38.00%,4.73,4.81,0.5
269,Colin Holderman,PIT,3,3,2,64,0,64,9.2,3.6,0.92,0.301,73.10%,46.40%,3.79,3.88,0.5
270,Andrew Nardi,MIA,3,3,2,64,0,64,10.43,3.92,1.05,0.293,74.90%,40.50%,3.71,3.91,0.5
271,Dakota Hudson,STL,7,8,0,27,21,123,5.29,3.61,1.13,0.307,69.30%,51.20%,4.93,5.08,0.5
272,Jake Odorizzi,TEX,5,7,0,18,18,96,7.19,3.02,1.56,0.29,70.50%,35.10%,4.92,5.05,0.5
273,Jesse Scholtens,CHW,6,10,0,33,23,135,6.67,3.15,1.66,0.291,70.30%,40.40%,5.13,5.34,0.5
274,Julio Teheran,,5,7,0,18,18,101,6.63,2.67,1.53,0.295,69.30%,39.90%,4.98,5.04,0.5
275,Scott McGough,ARI,3,3,2,60,0,60,9.61,3.55,0.99,0.299,73.80%,45.10%,3.75,3.86,0.5
276,Gabe Speier,SEA,3,3,1,62,0,62,9.62,2.74,0.98,0.295,75.30%,46.70%,3.36,3.58,0.5
277,José Soriano,LAA,3,3,3,64,0,64,10.47,4.38,0.97,0.301,74.50%,46.80%,3.76,3.96,0.5
278,José Suarez,LAA,4,4,0,51,5,72,8.4,3.32,1.38,0.293,73.10%,40.10%,4.35,4.62,0.5
279,Nick Nelson,PHI,5,6,0,35,11,87,6.41,3.98,1.27,0.295,70.10%,47.00%,4.87,5.15,0.5
280,Drew Smyly,CHC,3,3,0,54,2,61,9.18,2.68,1.37,0.29,73.70%,36.80%,4.06,4.21,0.5
281,Garrett Crochet,CHW,3,3,13,63,0,63,10.62,4.37,1.08,0.289,75.70%,41.00%,3.71,4.04,0.5
282,Nick Nastrini,CHW,6,8,0,25,19,117,8.12,4.11,1.62,0.285,71.20%,36.90%,5.05,5.32,0.5
283,Randy Vásquez,NYY,4,4,0,11,11,63,7.65,3.55,1.34,0.292,71.10%,44.60%,4.62,4.86,0.5
284,Griffin Jax,MIN,3,3,2,64,0,64,9.46,2.94,1.07,0.299,72.80%,42.50%,3.83,3.81,0.5
285,Roansy Contreras,PIT,4,5,0,48,8,84,8.36,3.4,1.3,0.294,71.40%,38.50%,4.5,4.53,0.5
286,Joel Payamps,MIL,3,3,2,64,0,64,8.82,2.84,1.18,0.291,73.30%,43.10%,3.9,4.08,0.5
287,Joey Wentz,DET,5,5,0,46,10,86,8.31,3.58,1.32,0.292,72.10%,37.30%,4.48,4.61,0.5
288,Ian Hamilton,NYY,3,3,0,62,0,62,10.08,3.96,0.94,0.292,75.40%,47.90%,3.5,3.82,0.5
289,Yimi García,TOR,3,3,0,62,0,62,9.47,2.72,1.19,0.287,73.90%,40.50%,3.74,3.93,0.5
290,Gregory Santos,CHW,3,3,15,64,0,64,9.05,3.61,0.99,0.299,73.50%,49.70%,3.82,4.03,0.5
291,Anthony Bender,MIA,3,3,3,58,0,58,9.61,3.49,0.99,0.301,73.50%,45.40%,3.78,3.85,0.5
292,Lyon Richardson,CIN,3,3,0,32,5,54,9.34,4.44,1.32,0.3,72.30%,43.90%,4.58,4.7,0.5
293,Ryan Brasier,,3,3,0,59,0,59,9.09,2.96,1.14,0.295,72.90%,41.00%,3.93,3.99,0.5
294,Drew Rom,STL,4,3,0,43,5,64,8.17,3.42,1.08,0.296,73.00%,45.20%,4,4.29,0.4
295,Mark Leiter Jr.,CHC,3,3,2,63,0,63,9.6,3.07,1.08,0.298,72.90%,44.10%,3.84,3.9,0.4
296,Ben Joyce,LAA,3,3,9,60,0,60,11.16,4.62,1.09,0.293,74.70%,39.90%,3.87,4.06,0.4
297,Bruce Zimmermann,BAL,4,4,0,36,8,73,7.42,2.3,1.31,0.293,72.60%,44.20%,4.12,4.38,0.4
298,Steven Okert,MIA,3,3,0,60,0,60,10.54,3.74,1.24,0.286,74.40%,32.70%,3.94,4.11,0.4
299,Alexis Díaz,CIN,3,3,31,68,0,68,10.68,4.55,1.29,0.292,73.20%,37.00%,4.33,4.45,0.4
300,Jackson Rutledge,WSN,4,7,0,16,16,91,6.36,3.77,1.55,0.293,68.60%,40.10%,5.38,5.52,0.4
301,David Robertson,,3,3,0,62,0,62,9.86,3.93,1.11,0.292,73.40%,41.00%,4,4.11,0.4
302,Tristan Beck,SFG,6,7,0,59,11,111,7.47,2.89,1.26,0.299,70.70%,42.10%,4.49,4.51,0.4
303,Scott Barlow,SDP,3,3,4,66,0,66,9.64,3.65,1.06,0.291,74.00%,42.60%,3.81,4.01,0.4
304,Jalen Beeks,COL,3,3,0,54,0,54,9.03,3.51,1.15,0.314,72.30%,46.20%,4.28,4.19,0.4
305,Hector Neris,,3,3,0,70,0,70,9.72,3.64,1.22,0.289,73.20%,36.60%,4.08,4.21,0.4
306,Jason Foley,DET,3,3,10,63,0,63,7.89,2.82,0.84,0.309,72.00%,51.30%,3.79,3.79,0.4
307,Josh Winckowski,BOS,3,3,2,67,0,67,8.18,2.99,1.04,0.307,72.00%,48.40%,4.07,4.06,0.4
308,Giovanny Gallegos,STL,4,3,3,68,0,68,9.41,2.81,1.32,0.286,73.80%,33.40%,3.99,4.13,0.4
309,Lucas Erceg,OAK,3,3,18,66,0,66,10.57,4.43,0.89,0.292,75.00%,42.90%,3.56,3.82,0.4
310,Will Warren,NYY,3,3,0,23,6,54,7.8,3.21,1.15,0.297,72.00%,48.80%,4.19,4.39,0.4
311,Ryan Walker,SFG,3,3,0,60,0,60,9.79,3.39,0.96,0.298,74.00%,45.00%,3.63,3.73,0.4
312,John McMillon,KCR,3,3,6,64,0,64,10.5,5.05,1.02,0.295,73.80%,39.10%,4.06,4.2,0.4
313,Garrett Cleavinger,TBR,3,3,0,58,0,58,11.53,4.01,1.01,0.291,76.20%,40.60%,3.43,3.62,0.4
314,Sam Moll,CIN,3,3,1,60,0,60,9.58,4.25,1.12,0.301,74.10%,45.70%,4.05,4.33,0.4
315,Paul Sewald,ARI,3,3,27,66,0,66,10.3,3.44,1.21,0.287,73.60%,33.50%,3.93,3.99,0.4
316,Luke Little,CHC,3,3,0,56,0,56,10.95,4.79,0.86,0.294,75.90%,46.70%,3.48,3.86,0.4
317,Alex Faedo,DET,3,3,0,56,0,56,9.19,2.7,1.24,0.292,72.60%,35.90%,4.02,4.01,0.4
318,Kenny Rosenberg,LAA,4,4,0,11,11,64,7.62,3.76,1.42,0.295,71.60%,41.10%,4.76,5,0.4
319,Yennier Cano,BAL,3,3,23,66,0,66,8.55,3.19,0.86,0.301,73.50%,52.60%,3.6,3.79,0.4
320,Alec Marsh,KCR,5,6,0,27,15,92,8.11,4.06,1.32,0.3,70.00%,39.70%,4.91,4.87,0.4
321,Mike Vasil,NYM,3,4,0,10,10,55,8.05,3.14,1.47,0.29,71.40%,38.70%,4.62,4.76,0.4
322,Joe Jiménez,ATL,3,3,1,62,0,62,10.85,3.08,1.27,0.292,73.50%,33.60%,3.93,3.86,0.4
323,Ben Brown,CHC,2,2,0,28,3,43,9.64,3.78,1.13,0.293,73.40%,42.10%,3.98,4.13,0.4
324,Justin Lawrence,COL,3,3,19,66,0,66,9.03,4.24,1.08,0.316,71.10%,47.60%,4.5,4.37,0.4
325,José Urquidy,HOU,5,5,0,54,8,91,7.6,2.43,1.56,0.289,70.40%,35.70%,4.69,4.75,0.4
326,Robert Garcia,WSN,3,3,0,61,0,61,9.02,4.15,1.12,0.292,73.80%,42.20%,4.08,4.39,0.4
327,Robert Suarez,SDP,3,3,29,65,0,65,9.56,3.52,1.1,0.292,74.10%,42.50%,3.8,4.01,0.4
328,Shawn Armstrong,TBR,3,3,1,60,0,60,9.34,2.72,1.13,0.29,73.40%,40.50%,3.74,3.86,0.4
329,Ryan Bergert,SDP,4,5,0,13,13,74,7.46,3.92,1.44,0.287,71.10%,40.10%,4.82,5.1,0.4
330,José Butto,NYM,6,8,0,39,18,121,7.51,3.49,1.45,0.293,70.30%,40.20%,4.88,4.99,0.4
331,Kyle Muller,OAK,4,5,0,65,5,86,7.78,3.51,1.07,0.294,72.70%,44.80%,4.07,4.36,0.4
332,John Schreiber,BOS,3,3,0,64,0,64,9.01,3.57,1.04,0.304,72.50%,45.80%,4.06,4.09,0.4
333,Gordon Graceffo,STL,4,4,0,11,11,65,6.41,3.28,1.37,0.294,70.20%,43.50%,4.82,5.02,0.4
334,Tyler Mahle,MIN,2,2,0,5,5,27,8.92,3.02,1.35,0.292,72.30%,38.10%,4.27,4.35,0.4
335,Jonathan Loáisiga,NYY,3,3,3,64,0,64,7.97,2.87,1,0.297,73.10%,50.50%,3.78,4.02,0.4
336,Cade Cavalli,WSN,2,2,0,15,5,38,8.61,3.85,1.21,0.293,71.70%,42.70%,4.37,4.54,0.4
337,Emilio Pagán,,3,3,0,67,0,67,9.66,3.28,1.38,0.285,73.70%,33.00%,4.14,4.29,0.4
338,Carlos Estévez,LAA,3,3,23,66,0,66,9.75,3.75,1.33,0.291,73.10%,35.90%,4.27,4.39,0.4
339,Ryan Weathers,MIA,4,4,0,49,5,70,8.09,3.46,1.25,0.296,73.50%,41.20%,4.23,4.52,0.4
340,Luis García,,3,3,0,53,0,53,8.64,3.13,0.93,0.303,72.40%,49.80%,3.8,3.87,0.4
341,Nate Pearson,TOR,3,3,0,50,2,57,10.04,4.11,1.26,0.284,73.80%,36.90%,4.12,4.35,0.4
342,Andre Pallante,STL,3,3,0,62,0,62,6.94,3.55,0.69,0.313,72.40%,60.00%,3.8,4,0.4
343,Sean Hjelle,SFG,4,5,0,63,5,86,6.86,2.99,0.92,0.31,70.60%,54.20%,4.22,4.24,0.4
344,Cal Quantrill,CLE,6,9,0,46,18,128,6.43,2.81,1.42,0.295,69.30%,42.00%,4.89,4.98,0.4
345,Jake Bird,COL,3,3,1,62,0,62,7.86,3.46,1.07,0.323,70.10%,51.70%,4.6,4.38,0.4
346,Daniel Palencia,CHC,3,3,0,60,0,60,9.82,4.13,1.13,0.292,73.50%,40.20%,4.04,4.24,0.4
347,Adrian Morejon,SDP,5,5,0,50,10,94,8.3,3.61,1.36,0.288,72.80%,38.50%,4.39,4.7,0.4
348,Kody Funderburk,MIN,3,3,0,60,0,60,9.17,3.58,0.88,0.3,74.10%,48.80%,3.62,3.83,0.4
349,Ty Madden,DET,3,4,0,10,10,55,7.51,3.38,1.37,0.292,70.30%,39.10%,4.74,4.82,0.4
350,Tyler Wells,BAL,4,4,4,64,2,71,9.12,2.38,1.47,0.281,74.00%,32.50%,4.05,4.25,0.4
351,Rafael Montero,HOU,3,3,1,66,0,66,9.44,3.55,1.1,0.296,72.80%,43.70%,4,4.06,0.4
352,Brennan Bernardino,BOS,3,3,0,58,0,58,8.96,3.41,0.98,0.308,72.90%,47.70%,3.92,3.98,0.3
353,Tanner Banks,CHW,3,4,0,63,2,70,8.24,2.91,1.34,0.291,73.30%,41.40%,4.18,4.45,0.3
354,Yunior Marte,PHI,2,2,0,48,0,48,8.66,3.76,1.11,0.296,72.90%,46.50%,4.11,4.33,0.3
355,Daniel Hudson,,3,2,0,51,0,51,10.23,3.19,1.2,0.288,74.10%,35.30%,3.82,3.91,0.3
356,Tanner Rainey,WSN,3,3,5,60,0,60,9.85,4.19,1.31,0.286,73.50%,34.00%,4.26,4.49,0.3
357,Marco Gonzales,SEA,7,8,0,36,19,126,6.52,2.54,1.45,0.289,71.40%,39.10%,4.59,4.87,0.3
358,Brock Burke,TEX,3,3,0,62,0,62,9.16,2.85,1.28,0.292,74.00%,39.80%,3.97,4.14,0.3
359,Andrew Chafin,,3,3,0,54,0,54,9.66,3.8,1.07,0.296,74.40%,42.30%,3.85,4.04,0.3
360,Ray Kerr,SDP,3,3,0,60,0,60,10.08,4.33,1.05,0.289,75.50%,42.60%,3.72,4.09,0.3
361,Tommy Kahnle,NYY,3,3,2,63,0,63,9.88,3.68,1.12,0.29,74.40%,44.10%,3.82,4.04,0.3
362,Erik Swanson,TOR,3,3,2,64,0,64,9.8,2.93,1.31,0.284,74.30%,36.30%,3.89,4.05,0.3
363,Shintaro Fujinami,,3,3,0,65,0,65,9.86,4.18,1.11,0.292,73.40%,39.80%,4.04,4.21,0.3
364,Danny Coulombe,BAL,3,3,2,64,0,64,8.96,3.09,1.14,0.291,74.30%,42.00%,3.81,4.06,0.3
365,Yency Almonte,LAD,3,3,0,60,0,60,9.41,3.62,1.22,0.295,73.00%,42.40%,4.15,4.3,0.3
366,Tyler Kinley,COL,3,3,10,64,0,64,8.89,3.48,1.47,0.306,70.60%,36.70%,4.88,4.7,0.3
367,Joe Rock,COL,2,3,0,8,8,46,6.83,3.75,1.52,0.313,68.60%,43.90%,5.49,5.33,0.3
368,Hoby Milner,MIL,3,3,0,62,0,62,8.39,2.68,1.19,0.296,73.50%,44.90%,3.94,4.15,0.3
369,Brooks Raley,NYM,3,3,2,63,0,63,9.45,3.52,1.13,0.294,73.70%,41.20%,3.93,4.14,0.3
370,Trevor Stephan,CLE,3,3,2,64,0,64,9.62,3.4,1.15,0.291,72.70%,40.70%,3.97,4.05,0.3
371,Andrew Saalfrank,ARI,3,3,0,62,0,62,8.71,4.33,0.75,0.307,74.10%,53.70%,3.69,3.97,0.3
372,Dauri Moreta,PIT,3,3,0,60,0,60,9.74,3.69,1.19,0.289,73.10%,36.40%,4.09,4.18,0.3
373,Chad Green,TOR,3,3,0,58,0,58,9.83,2.82,1.37,0.281,74.60%,33.70%,3.9,4.09,0.3
374,Trevor Richards,TOR,3,3,0,54,0,54,10.68,3.85,1.3,0.282,76.00%,34.00%,3.86,4.14,0.3
375,Jesse Chavez,,2,2,0,50,0,50,8.68,3.15,1.16,0.296,73.00%,43.00%,4.04,4.16,0.3
376,Sean Reid-Foley,NYM,3,3,0,56,0,56,10.78,4.21,1.07,0.292,74.50%,39.70%,3.82,3.93,0.3
377,Simeon Woods Richardson,MIN,4,6,0,32,11,86,7.18,3.81,1.36,0.296,70.10%,41.20%,4.93,5,0.3
378,Matt Canterino,MIN,3,3,0,16,6,47,9.01,3.72,1.36,0.294,71.50%,36.20%,4.57,4.57,0.3
379,Jake Latz,TEX,2,2,0,44,0,44,9.81,3.69,1.24,0.287,74.80%,38.70%,3.94,4.22,0.3
380,Bennett Sousa,HOU,3,3,0,58,0,58,8.98,3.85,1.11,0.296,73.70%,44.40%,4.02,4.27,0.3
381,Ryne Stanek,,3,3,0,57,0,57,9.95,4.06,1.24,0.286,73.90%,34.20%,4.11,4.3,0.3
382,Angel Perdomo,ATL,2,1,0,35,0,35,11.75,4.27,1.08,0.29,76.20%,37.80%,3.58,3.79,0.3
383,Brent Headrick,MIN,3,3,0,38,3,53,8.57,3.01,1.34,0.289,72.50%,35.80%,4.27,4.44,0.3
384,Carlos Hernández,KCR,3,3,2,63,0,63,9.31,3.6,1.12,0.294,73.00%,37.60%,4.05,4.12,0.3
385,Jeffrey Springs,TBR,1,1,0,12,2,19,10.38,2.55,1.13,0.287,75.80%,39.60%,3.39,3.53,0.3
386,Jonathan Hernández,TEX,3,3,1,63,0,63,8.99,4.39,1.02,0.301,73.20%,47.90%,4.13,4.34,0.3
387,Keegan Akin,BAL,2,1,0,33,0,33,9.51,2.76,1.15,0.289,75.80%,40.50%,3.54,3.82,0.3
388,Brendan White,DET,2,3,0,51,0,51,8.31,2.92,0.92,0.304,71.70%,49.40%,3.88,3.9,0.3
389,Hurston Waldrep,ATL,2,2,0,5,5,28,8.22,3.62,1.22,0.305,71.00%,45.40%,4.56,4.53,0.3
390,Blake Treinen,LAD,2,2,0,44,0,44,9.01,3.2,1.15,0.298,72.80%,45.30%,4.02,4.12,0.3
391,Glenn Otto,SDP,4,5,0,46,8,82,8.17,3.8,1.34,0.289,71.30%,41.00%,4.58,4.79,0.3
392,James McArthur,KCR,3,3,24,66,0,66,8.25,3.05,1.04,0.303,71.50%,45.10%,4.09,4.11,0.3
393,Caleb Kilian,CHC,3,3,0,24,6,54,6.94,3.09,1.21,0.3,70.50%,46.90%,4.51,4.63,0.3
394,Victor González,LAD,3,2,0,54,0,54,8.79,3.79,0.98,0.301,74.00%,49.80%,3.84,4.14,0.3
395,Alex Lange,DET,3,3,19,64,0,64,10.16,4.71,0.89,0.302,73.30%,46.50%,3.92,4.01,0.3
396,Keynan Middleton,,3,3,0,58,0,58,9.65,3.78,1.1,0.294,73.40%,41.80%,3.97,4.08,0.3
397,Kai-Wei Teng,SFG,4,4,0,57,3,72,9.34,3.96,1.02,0.3,71.90%,44.90%,4.13,4.21,0.3
398,Nick Robertson,BOS,2,2,0,48,0,48,9.15,3.49,1.09,0.302,72.30%,44.00%,4.1,4.09,0.3
399,Tyler Holton,DET,3,3,1,62,0,62,8.07,2.88,1.08,0.297,72.80%,43.40%,3.94,4.09,0.3
400,Bryan Hudson,LAD,2,2,0,38,0,38,9.38,3.83,1.05,0.297,74.70%,47.00%,3.8,4.1,0.3
401,Huascar Brazoban,MIA,2,2,0,48,0,48,9.64,4.2,0.96,0.299,73.10%,45.50%,3.94,4.04,0.3
402,Cade Horton,CHC,2,2,0,5,5,28,7.99,3.31,1.37,0.295,71.10%,40.90%,4.6,4.68,0.3
403,Ryan Thompson,ARI,3,3,0,58,0,58,7.53,3.17,0.97,0.306,71.30%,49.80%,4.13,4.18,0.3
404,Spencer Howard,SFG,2,2,0,44,0,44,9.46,3.15,1.17,0.295,73.00%,39.20%,3.99,4.02,0.3
405,Luke Jackson,SFG,3,3,1,62,0,62,9.07,3.71,0.94,0.305,72.40%,48.30%,3.97,3.97,0.3
406,Connor Thomas,STL,2,2,0,28,3,43,5.69,2.55,1,0.303,71.50%,52.40%,4.13,4.43,0.3
407,Thyago Vieira,MIL,2,2,0,44,0,44,10.18,3.43,1.19,0.289,74.20%,38.90%,3.86,4,0.3
408,Andrew Kittredge,TBR,3,3,2,62,0,62,7.86,2.59,1.14,0.297,72.30%,46.10%,4,4.14,0.3
409,Jake Eder,CHW,3,4,0,10,10,55,7.49,4.27,1.49,0.289,71.40%,40.80%,4.97,5.33,0.3
410,Joely Rodríguez,,3,3,0,55,0,55,8.46,3.83,0.92,0.303,73.60%,49.90%,3.85,4.08,0.3
411,José Leclerc,TEX,3,3,28,66,0,66,9.99,4.07,1.35,0.282,73.50%,32.80%,4.28,4.48,0.3
412,José Ureña,,3,4,0,11,11,61,6.28,3.46,1.33,0.301,69.80%,46.70%,4.94,5.06,0.3
413,John King,STL,3,3,0,60,0,60,6.31,3.05,0.8,0.308,72.60%,56.60%,3.84,4.15,0.3
414,Kyle Nelson,ARI,2,2,0,48,0,48,8.97,3.67,1.13,0.295,73.10%,40.10%,4.08,4.24,0.3
415,Bryce Jarvis,ARI,3,4,0,29,8,67,7.4,3.85,1.25,0.301,70.10%,42.80%,4.81,4.82,0.3
416,Jhony Brito,NYY,3,4,0,51,3,65,7.69,2.67,1.27,0.292,72.30%,44.80%,4.18,4.4,0.3
417,Mason Black,SFG,2,2,0,5,5,28,8.21,3.33,1.2,0.298,70.80%,43.30%,4.42,4.44,0.3
418,Noah Davis,COL,5,10,0,27,21,122,6.43,4.14,1.75,0.307,66.70%,40.30%,6.11,5.96,0.3
419,Jake Diekman,,3,3,0,58,0,58,10.61,5.11,1,0.292,74.90%,42.00%,3.87,4.2,0.2
420,José Cisnero,,2,2,0,50,0,50,9.4,4.03,1.1,0.294,73.30%,41.70%,4.06,4.26,0.2
421,Janson Junk,MIL,4,6,0,32,13,91,6.08,2.55,1.7,0.29,69.60%,39.70%,5.13,5.31,0.2
422,Keider Montero,DET,3,3,0,29,5,52,7.69,3.03,1.25,0.295,70.70%,41.30%,4.45,4.53,0.2
423,Scott Alexander,,2,2,0,50,0,50,6.98,2.99,0.88,0.306,72.40%,53.80%,3.89,4.09,0.2
424,Jay Jackson,,2,2,0,49,0,49,8.98,3.05,1.32,0.289,72.80%,37.40%,4.19,4.3,0.2
425,Brad Keller,,3,4,0,11,11,62,6.76,4.71,1.13,0.306,70.20%,49.00%,4.97,5.09,0.2
426,Chris Flexen,,3,4,0,10,10,53,6.44,3.14,1.54,0.296,69.60%,38.80%,5.13,5.2,0.2
427,Jose Hernandez,PIT,2,2,0,46,0,46,9.2,4.04,1.12,0.293,73.40%,40.80%,4.1,4.29,0.2
428,Andrew Bellatti,PHI,3,3,0,60,0,60,9.31,3.88,1.42,0.284,73.20%,34.40%,4.41,4.66,0.2
429,Ryan Borucki,PIT,3,3,1,62,0,62,8.09,3.58,1.07,0.298,72.10%,44.60%,4.19,4.36,0.2
430,Justin Topa,SEA,3,3,2,63,0,63,7.95,3.02,0.95,0.299,73.20%,51.20%,3.76,4,0.2
431,Joe Mantiply,ARI,3,3,0,54,0,54,7.49,2.73,0.98,0.304,72.50%,48.10%,3.89,4.03,0.2
432,Grant Anderson,TEX,3,3,0,58,0,58,8.59,3.55,1.23,0.294,72.40%,42.60%,4.29,4.47,0.2
433,Wandy Peralta,,3,3,0,55,0,55,8.68,3.94,0.93,0.301,74.30%,49.70%,3.8,4.13,0.2
434,Tejay Antone,CIN,2,2,0,49,0,49,9.11,3.74,1.27,0.3,72.60%,43.60%,4.33,4.46,0.2
435,Trevor Gott,NYM,3,3,0,62,0,62,8.65,3.12,1.27,0.293,72.20%,40.40%,4.25,4.35,0.2
436,Chris Stratton,,3,3,0,56,0,56,8.76,3.36,1.21,0.294,72.90%,39.80%,4.16,4.29,0.2
437,Elvis Peguero,MIL,3,3,0,60,0,60,8.34,3.57,1.03,0.3,72.20%,49.20%,4.09,4.23,0.2
438,Cody Bradford,TEX,4,4,0,57,3,72,7.91,2.19,1.56,0.284,72.80%,34.70%,4.35,4.6,0.2
439,Matt Bush,TEX,3,3,0,60,0,60,9.64,3.33,1.34,0.294,73.10%,39.00%,4.23,4.29,0.2
440,Sean Newcomb,OAK,3,3,4,62,0,62,9.35,4.72,1.02,0.288,74.10%,42.20%,3.97,4.36,0.2
441,Josh Taylor,KCR,1,1,0,28,0,28,9,3.66,1,0.3,73.60%,43.20%,3.89,4.05,0.2
442,Yerry Rodríguez,TEX,2,2,0,48,0,48,9.58,3.78,1.15,0.294,73.60%,42.20%,4.01,4.18,0.2
443,Dylan Floro,,2,2,0,49,0,49,7.91,3.14,1.01,0.303,72.10%,48.10%,4.06,4.11,0.2
444,Mitch White,TOR,2,2,0,40,2,47,8.4,3.1,1.24,0.291,72.30%,41.70%,4.19,4.34,0.2
445,James Karinchak,CLE,3,3,0,54,0,54,11.31,4.9,1.21,0.281,74.30%,33.70%,4.08,4.24,0.2
446,Justin Martinez,ARI,2,2,0,35,0,35,10.68,5.27,0.82,0.3,74.50%,46.70%,3.75,3.98,0.2
447,Angel Felipe,OAK,3,3,0,56,0,56,9.09,4.79,0.84,0.295,73.80%,49.40%,3.83,4.21,0.2
448,John Brebbia,,3,3,0,56,0,56,9.35,3.07,1.32,0.289,73.20%,33.30%,4.14,4.22,0.2
449,Dylan Lee,ATL,3,2,0,54,0,54,9.16,2.84,1.31,0.292,73.90%,37.20%,4.02,4.16,0.2
450,Taylor Clarke,KCR,3,3,1,62,0,62,8.64,3.14,1.31,0.295,72.70%,35.70%,4.29,4.39,0.2
